[debug] [2026-03-21T04:11:25.648Z] ----------------------------------------------------------------------
[debug] [2026-03-21T04:11:25.653Z] Command:       C:\Program Files\nodejs\node.exe C:\Users\MarcoRipa\AppData\Roaming\npm\node_modules\firebase-tools\lib\bin\firebase.js deploy
[debug] [2026-03-21T04:11:25.654Z] CLI Version:   15.3.1
[debug] [2026-03-21T04:11:25.654Z] Platform:      win32
[debug] [2026-03-21T04:11:25.654Z] Node Version:  v22.19.0
[debug] [2026-03-21T04:11:25.655Z] Time:          Sat Mar 21 2026 05:11:25 GMT+0100 (Central European Standard Time)
[debug] [2026-03-21T04:11:25.655Z] ----------------------------------------------------------------------
[debug] 
[debug] [2026-03-21T04:11:28.327Z] > command requires scopes: ["email","openid","https://www.googleapis.com/auth/cloudplatformprojects.readonly","https://www.googleapis.com/auth/firebase","https://www.googleapis.com/auth/cloud-platform"]
[debug] [2026-03-21T04:11:28.328Z] > authorizing via signed-in user (marcoripa1512@gmail.com)
[debug] [2026-03-21T04:11:28.328Z] [iam] checking project twilio-messaging-8183c for permissions ["cloudfunctions.functions.create","cloudfunctions.functions.delete","cloudfunctions.functions.get","cloudfunctions.functions.list","cloudfunctions.functions.update","cloudfunctions.operations.get","firebase.projects.get","firebasehosting.sites.update"]
[debug] [2026-03-21T04:11:28.330Z] Checked if tokens are valid: true, expires at: 1774067573751
[debug] [2026-03-21T04:11:28.330Z] Checked if tokens are valid: true, expires at: 1774067573751
[debug] [2026-03-21T04:11:28.332Z] >>> [apiv2][query] POST https://cloudresourcemanager.googleapis.com/v1/projects/twilio-messaging-8183c:testIamPermissions [none]
[debug] [2026-03-21T04:11:28.332Z] >>> [apiv2][(partial)header] POST https://cloudresourcemanager.googleapis.com/v1/projects/twilio-messaging-8183c:testIamPermissions x-goog-quota-user=projects/twilio-messaging-8183c
[debug] [2026-03-21T04:11:28.332Z] >>> [apiv2][body] POST https://cloudresourcemanager.googleapis.com/v1/projects/twilio-messaging-8183c:testIamPermissions {"permissions":["cloudfunctions.functions.create","cloudfunctions.functions.delete","cloudfunctions.functions.get","cloudfunctions.functions.list","cloudfunctions.functions.update","cloudfunctions.operations.get","firebase.projects.get","firebasehosting.sites.update"]}
[debug] [2026-03-21T04:11:29.759Z] <<< [apiv2][status] POST https://cloudresourcemanager.googleapis.com/v1/projects/twilio-messaging-8183c:testIamPermissions 200
[debug] [2026-03-21T04:11:29.760Z] <<< [apiv2][body] POST https://cloudresourcemanager.googleapis.com/v1/projects/twilio-messaging-8183c:testIamPermissions {"permissions":["cloudfunctions.functions.create","cloudfunctions.functions.delete","cloudfunctions.functions.get","cloudfunctions.functions.list","cloudfunctions.functions.update","cloudfunctions.operations.get","firebase.projects.get","firebasehosting.sites.update"]}
[debug] [2026-03-21T04:11:29.760Z] Checked if tokens are valid: true, expires at: 1774067573751
[debug] [2026-03-21T04:11:29.760Z] Checked if tokens are valid: true, expires at: 1774067573751
[debug] [2026-03-21T04:11:29.760Z] >>> [apiv2][query] POST https://iam.googleapis.com/v1/projects/twilio-messaging-8183c/serviceAccounts/twilio-messaging-8183c@appspot.gserviceaccount.com:testIamPermissions [none]
[debug] [2026-03-21T04:11:29.760Z] >>> [apiv2][body] POST https://iam.googleapis.com/v1/projects/twilio-messaging-8183c/serviceAccounts/twilio-messaging-8183c@appspot.gserviceaccount.com:testIamPermissions {"permissions":["iam.serviceAccounts.actAs"]}
[debug] [2026-03-21T04:11:31.271Z] <<< [apiv2][status] POST https://iam.googleapis.com/v1/projects/twilio-messaging-8183c/serviceAccounts/twilio-messaging-8183c@appspot.gserviceaccount.com:testIamPermissions 200
[debug] [2026-03-21T04:11:31.271Z] <<< [apiv2][body] POST https://iam.googleapis.com/v1/projects/twilio-messaging-8183c/serviceAccounts/twilio-messaging-8183c@appspot.gserviceaccount.com:testIamPermissions {"permissions":["iam.serviceAccounts.actAs"]}
[debug] [2026-03-21T04:11:31.272Z] Checked if tokens are valid: true, expires at: 1774067573751
[debug] [2026-03-21T04:11:31.272Z] Checked if tokens are valid: true, expires at: 1774067573751
[debug] [2026-03-21T04:11:31.273Z] >>> [apiv2][query] GET https://firebase.googleapis.com/v1beta1/projects/twilio-messaging-8183c [none]
[debug] [2026-03-21T04:11:32.192Z] <<< [apiv2][status] GET https://firebase.googleapis.com/v1beta1/projects/twilio-messaging-8183c 200
[debug] [2026-03-21T04:11:32.192Z] <<< [apiv2][body] GET https://firebase.googleapis.com/v1beta1/projects/twilio-messaging-8183c {"projectId":"twilio-messaging-8183c","projectNumber":"589640940481","displayName":"twilio-messaging","name":"projects/twilio-messaging-8183c","resources":{"hostingSite":"twilio-messaging-8183c"},"state":"ACTIVE","etag":"1_2527989e-9d4e-425a-8a0a-4964f2dd7a62"}
[debug] [2026-03-21T04:11:37.085Z] defaultcredentials: writing to file C:\Users\MarcoRipa\AppData\Roaming\firebase\marcoripa1512_gmail_com_application_default_credentials.json
[debug] [2026-03-21T04:11:37.093Z] Checked if tokens are valid: true, expires at: 1774067573751
[debug] [2026-03-21T04:11:37.093Z] Checked if tokens are valid: true, expires at: 1774067573751
[debug] [2026-03-21T04:11:37.093Z] >>> [apiv2][query] GET https://firebasehosting.googleapis.com/v1beta1/projects/twilio-messaging-8183c/sites pageToken=&pageSize=10
[debug] [2026-03-21T04:11:38.779Z] <<< [apiv2][status] GET https://firebasehosting.googleapis.com/v1beta1/projects/twilio-messaging-8183c/sites 200
[debug] [2026-03-21T04:11:38.779Z] <<< [apiv2][body] GET https://firebasehosting.googleapis.com/v1beta1/projects/twilio-messaging-8183c/sites {"sites":[{"name":"projects/twilio-messaging-8183c/sites/twilio-messaging-8183c","defaultUrl":"https://twilio-messaging-8183c.web.app","appId":"1:589640940481:web:89defb3fca75c118a00d40","type":"DEFAULT_SITE"}]}
[debug] [2026-03-21T04:11:38.780Z] Checked if tokens are valid: true, expires at: 1774067573751
[debug] [2026-03-21T04:11:38.780Z] Checked if tokens are valid: true, expires at: 1774067573751
[debug] [2026-03-21T04:11:38.780Z] >>> [apiv2][query] GET https://firebase.googleapis.com/v1beta1/projects/-/webApps/1:589640940481:web:89defb3fca75c118a00d40/config [none]
[debug] [2026-03-21T04:11:40.484Z] <<< [apiv2][status] GET https://firebase.googleapis.com/v1beta1/projects/-/webApps/1:589640940481:web:89defb3fca75c118a00d40/config 200
[debug] [2026-03-21T04:11:40.484Z] <<< [apiv2][body] GET https://firebase.googleapis.com/v1beta1/projects/-/webApps/1:589640940481:web:89defb3fca75c118a00d40/config {"projectId":"twilio-messaging-8183c","appId":"1:589640940481:web:89defb3fca75c118a00d40","storageBucket":"twilio-messaging-8183c.firebasestorage.app","apiKey":"AIzaSyBp2jGsZKZMtj1NyT_ZDNdvFo0FRX0s-fA","authDomain":"twilio-messaging-8183c.firebaseapp.com","messagingSenderId":"589640940481","measurementId":"G-DZF1YLY099","projectNumber":"589640940481","version":"2"}
[info] 
   Thank you for trying our early preview of Angular support on Firebase Hosting.
   During the preview, support is best-effort and breaking changes can be expected. Proceed with caution.
   The integration is known to work with Angular version 16 - 20. You may encounter errors.

   Documentation: https://firebase.google.com/docs/hosting/frameworks/angular
   File a bug: https://github.com/firebase/firebase-tools/issues/new?template=bug_report.md
   Submit a feature request: https://github.com/firebase/firebase-tools/issues/new?template=feature_request.md

   We'd love to learn from you. Express your interest in helping us shape the future of Firebase Hosting: https://goo.gle/41enW5X

[debug] [2026-03-21T04:12:18.320Z] [web frameworks] effective firebase.json:  {
  "hosting": [
    {
      "source": ".",
      "ignore": [
        "firebase.json",
        "**/.*",
        "**/node_modules/**"
      ],
      "rewrites": [
        {
          "source": "/api/**",
          "function": {
            "functionId": "api"
          }
        },
        {
          "source": "**",
          "destination": "/index.html"
        },
        {
          "source": "/**",
          "destination": "/index.html"
        }
      ],
      "frameworksBackend": {
        "region": "europe-west1"
      },
      "site": "twilio-messaging-8183c",
      "redirects": [],
      "headers": [
        {
          "source": "/**/*.[jt]s",
          "headers": [
            {
              "key": "Set-Cookie",
              "value": "__FIREBASE_DEFAULTS__=eyJjb25maWciOnsicHJvamVjdElkIjoidHdpbGlvLW1lc3NhZ2luZy04MTgzYyIsImFwcElkIjoiMTo1ODk2NDA5NDA0ODE6d2ViOjg5ZGVmYjNmY2E3NWMxMThhMDBkNDAiLCJzdG9yYWdlQnVja2V0IjoidHdpbGlvLW1lc3NhZ2luZy04MTgzYy5maXJlYmFzZXN0b3JhZ2UuYXBwIiwiYXBpS2V5IjoiQUl6YVN5QnAyakdzWktaTXRqMU55VF9aRE5kdkZvMEZSWDBzLWZBIiwiYXV0aERvbWFpbiI6InR3aWxpby1tZXNzYWdpbmctODE4M2MuZmlyZWJhc2VhcHAuY29tIiwibWVzc2FnaW5nU2VuZGVySWQiOiI1ODk2NDA5NDA0ODEiLCJtZWFzdXJlbWVudElkIjoiRy1EWkYxWUxZMDk5IiwicHJvamVjdE51bWJlciI6IjU4OTY0MDk0MDQ4MSIsInZlcnNpb24iOiIyIn19; SameSite=Strict; Expires=2028-02-13T14:52:18.319Z; Path=/;"
            }
          ]
        }
      ],
      "cleanUrls": true,
      "i18n": {
        "root": "/"
      },
      "public": ".firebase\\twilio-messaging-8183c\\hosting",
      "webFramework": "angular"
    }
  ],
  "functions": [
    {
      "source": "functions",
      "codebase": "default",
      "disallowLegacyRuntimeConfig": true,
      "ignore": [
        "node_modules",
        ".git",
        "firebase-debug.log",
        "firebase-debug.*.log",
        "*.local"
      ]
    }
  ]
}
[info] 
[info] === Deploying to 'twilio-messaging-8183c'...
[info] 
[info] i  deploying functions, hosting 
[debug] [2026-03-21T04:12:18.325Z] Checked if tokens are valid: true, expires at: 1774067573751
[debug] [2026-03-21T04:12:18.325Z] Checked if tokens are valid: true, expires at: 1774067573751
[debug] [2026-03-21T04:12:18.325Z] >>> [apiv2][query] GET https://cloudresourcemanager.googleapis.com/v1/projects/twilio-messaging-8183c [none]
[debug] [2026-03-21T04:12:19.907Z] <<< [apiv2][status] GET https://cloudresourcemanager.googleapis.com/v1/projects/twilio-messaging-8183c 200
[debug] [2026-03-21T04:12:19.908Z] <<< [apiv2][body] GET https://cloudresourcemanager.googleapis.com/v1/projects/twilio-messaging-8183c {"projectNumber":"589640940481","projectId":"twilio-messaging-8183c","lifecycleState":"ACTIVE","name":"twilio-messaging","labels":{"firebase":"enabled","firebase-core":"disabled"},"createTime":"2026-01-18T18:31:33.807387Z"}
[info] i  functions: preparing codebase default for deployment 
[info] i  functions: ensuring required API cloudfunctions.googleapis.com is enabled... 
[info] i  functions: ensuring required API cloudbuild.googleapis.com is enabled... 
[info] i  artifactregistry: ensuring required API artifactregistry.googleapis.com is enabled... 
[debug] [2026-03-21T04:12:19.914Z] Checked if tokens are valid: true, expires at: 1774067573751
[debug] [2026-03-21T04:12:19.915Z] Checked if tokens are valid: true, expires at: 1774067573751
[debug] [2026-03-21T04:12:19.915Z] >>> [apiv2][query] GET https://firebase.googleapis.com/v1beta1/projects/twilio-messaging-8183c/adminSdkConfig [none]
[debug] [2026-03-21T04:12:20.631Z] <<< [apiv2][status] GET https://firebase.googleapis.com/v1beta1/projects/twilio-messaging-8183c/adminSdkConfig 200
[debug] [2026-03-21T04:12:20.631Z] <<< [apiv2][body] GET https://firebase.googleapis.com/v1beta1/projects/twilio-messaging-8183c/adminSdkConfig {"projectId":"twilio-messaging-8183c","storageBucket":"twilio-messaging-8183c.firebasestorage.app"}
[debug] [2026-03-21T04:12:20.634Z] Validating nodejs source
[warn] !  functions: package.json indicates an outdated version of firebase-functions. Please upgrade using npm install --save firebase-functions@latest in your functions directory. 
[debug] [2026-03-21T04:12:22.169Z] > [functions] package.json contents: {
  "name": "functions",
  "description": "Cloud Functions for Firebase",
  "scripts": {
    "serve": "firebase emulators:start --only functions",
    "shell": "firebase functions:shell",
    "start": "npm run shell",
    "deploy": "firebase deploy --only functions",
    "logs": "firebase functions:log"
  },
  "engines": {
    "node": "24"
  },
  "main": "index.js",
  "dependencies": {
    "firebase-admin": "^13.6.0",
    "firebase-functions": "^7.0.0",
    "twilio": "^5.11.2",
    "cors": "^2.8.5",
    "express": "^5.2.1"
  },
  "devDependencies": {
    "firebase-functions-test": "^3.4.1"
  },
  "private": true
}
[debug] [2026-03-21T04:12:22.170Z] Building nodejs source
[info] i  functions: Loading and analyzing source code for codebase default to determine what to deploy 
[debug] [2026-03-21T04:12:22.171Z] Could not find functions.yaml. Must use http discovery
[debug] [2026-03-21T04:12:22.205Z] Found firebase-functions binary at 'C:\Users\MarcoRipa\Projects\twilio-messaging\functions\node_modules\.bin\firebase-functions'
[info] Serving at port 8524

[debug] [2026-03-21T04:12:23.592Z] Got response from /__/functions.yaml {"endpoints":{"api":{"availableMemoryMb":null,"timeoutSeconds":null,"minInstances":null,"maxInstances":10,"ingressSettings":null,"concurrency":null,"serviceAccountEmail":null,"vpc":null,"platform":"gcfv2","secretEnvironmentVariables":[{"key":"TWILIO_ACCOUNT_ID"},{"key":"TWILIO_AUTH_TOKEN"},{"key":"TWILIO_API_KEY"},{"key":"TWILIO_API_SECRET"},{"key":"TWILIO_APP_SID"},{"key":"TWILIO_PHONE"},{"key":"AIRTABLE_TOKEN"},{"key":"AIRTABLE_BASE_ID"},{"key":"AIRTABLE_TABLE_ID"},{"key":"TWILIO_CONVERSATIONS_SERVICE_SID"},{"key":"TWILIO_IDENTITY"}],"labels":{},"httpsTrigger":{},"entryPoint":"api"}},"specVersion":"v1alpha1","requiredAPIs":[],"extensions":{},"params":[{"type":"secret","name":"TWILIO_ACCOUNT_ID"},{"type":"secret","name":"TWILIO_AUTH_TOKEN"},{"type":"secret","name":"TWILIO_API_KEY"},{"type":"secret","name":"TWILIO_API_SECRET"},{"type":"secret","name":"TWILIO_APP_SID"},{"type":"secret","name":"TWILIO_PHONE"},{"type":"secret","name":"AIRTABLE_TOKEN"},{"type":"secret","name":"AIRTABLE_BASE_ID"},{"type":"secret","name":"AIRTABLE_TABLE_ID"},{"type":"secret","name":"TWILIO_CONVERSATIONS_SERVICE_SID"},{"type":"secret","name":"TWILIO_IDENTITY"}]}
[info] i  extensions: ensuring required API firebaseextensions.googleapis.com is enabled... 
[debug] [2026-03-21T04:12:27.662Z] > command requires scopes: ["email","openid","https://www.googleapis.com/auth/cloudplatformprojects.readonly","https://www.googleapis.com/auth/firebase","https://www.googleapis.com/auth/cloud-platform"]
[debug] [2026-03-21T04:12:27.663Z] > authorizing via signed-in user (marcoripa1512@gmail.com)
[debug] [2026-03-21T04:12:27.663Z] [iam] checking project twilio-messaging-8183c for permissions ["firebase.projects.get","firebaseextensions.instances.list"]
[debug] [2026-03-21T04:12:27.663Z] Checked if tokens are valid: true, expires at: 1774067573751
[debug] [2026-03-21T04:12:27.663Z] Checked if tokens are valid: true, expires at: 1774067573751
[debug] [2026-03-21T04:12:27.663Z] >>> [apiv2][query] POST https://cloudresourcemanager.googleapis.com/v1/projects/twilio-messaging-8183c:testIamPermissions [none]
[debug] [2026-03-21T04:12:27.664Z] >>> [apiv2][(partial)header] POST https://cloudresourcemanager.googleapis.com/v1/projects/twilio-messaging-8183c:testIamPermissions x-goog-quota-user=projects/twilio-messaging-8183c
[debug] [2026-03-21T04:12:27.664Z] >>> [apiv2][body] POST https://cloudresourcemanager.googleapis.com/v1/projects/twilio-messaging-8183c:testIamPermissions {"permissions":["firebase.projects.get","firebaseextensions.instances.list"]}
[debug] [2026-03-21T04:12:28.911Z] <<< [apiv2][status] POST https://cloudresourcemanager.googleapis.com/v1/projects/twilio-messaging-8183c:testIamPermissions 200
[debug] [2026-03-21T04:12:28.912Z] <<< [apiv2][body] POST https://cloudresourcemanager.googleapis.com/v1/projects/twilio-messaging-8183c:testIamPermissions {"permissions":["firebase.projects.get","firebaseextensions.instances.list"]}
[debug] [2026-03-21T04:12:28.912Z] Checked if tokens are valid: true, expires at: 1774067573751
[debug] [2026-03-21T04:12:28.912Z] Checked if tokens are valid: true, expires at: 1774067573751
[debug] [2026-03-21T04:12:28.913Z] >>> [apiv2][query] GET https://firebaseextensions.googleapis.com/v1beta/projects/twilio-messaging-8183c/instances pageSize=100&pageToken=
[debug] [2026-03-21T04:12:30.553Z] <<< [apiv2][status] GET https://firebaseextensions.googleapis.com/v1beta/projects/twilio-messaging-8183c/instances 200
[debug] [2026-03-21T04:12:30.553Z] <<< [apiv2][body] GET https://firebaseextensions.googleapis.com/v1beta/projects/twilio-messaging-8183c/instances {}
[debug] [2026-03-21T04:12:30.555Z] Checked if tokens are valid: true, expires at: 1774067573751
[debug] [2026-03-21T04:12:30.556Z] Checked if tokens are valid: true, expires at: 1774067573751
[debug] [2026-03-21T04:12:30.556Z] >>> [apiv2][query] GET https://secretmanager.googleapis.com/v1/projects/twilio-messaging-8183c/secrets/TWILIO_ACCOUNT_ID [none]
[debug] [2026-03-21T04:12:31.310Z] <<< [apiv2][status] GET https://secretmanager.googleapis.com/v1/projects/twilio-messaging-8183c/secrets/TWILIO_ACCOUNT_ID 200
[debug] [2026-03-21T04:12:31.311Z] <<< [apiv2][body] GET https://secretmanager.googleapis.com/v1/projects/twilio-messaging-8183c/secrets/TWILIO_ACCOUNT_ID {"name":"projects/589640940481/secrets/TWILIO_ACCOUNT_ID","replication":{"automatic":{}},"createTime":"2026-01-18T19:20:22.578979Z","labels":{"firebase-managed":"functions"},"etag":"\"1648ae774f96db\""}
[debug] [2026-03-21T04:12:31.311Z] Checked if tokens are valid: true, expires at: 1774067573751
[debug] [2026-03-21T04:12:31.311Z] Checked if tokens are valid: true, expires at: 1774067573751
[debug] [2026-03-21T04:12:31.311Z] >>> [apiv2][query] GET https://secretmanager.googleapis.com/v1/projects/twilio-messaging-8183c/secrets/TWILIO_ACCOUNT_ID/versions/latest [none]
[debug] [2026-03-21T04:12:31.794Z] <<< [apiv2][status] GET https://secretmanager.googleapis.com/v1/projects/twilio-messaging-8183c/secrets/TWILIO_ACCOUNT_ID/versions/latest 200
[debug] [2026-03-21T04:12:31.794Z] <<< [apiv2][body] GET https://secretmanager.googleapis.com/v1/projects/twilio-messaging-8183c/secrets/TWILIO_ACCOUNT_ID/versions/latest {"name":"projects/589640940481/secrets/TWILIO_ACCOUNT_ID/versions/1","createTime":"2026-01-18T19:20:26.756236Z","state":"ENABLED","replicationStatus":{"automatic":{}},"etag":"\"1648ae77819c8c\""}
[debug] [2026-03-21T04:12:31.795Z] Checked if tokens are valid: true, expires at: 1774067573751
[debug] [2026-03-21T04:12:31.795Z] Checked if tokens are valid: true, expires at: 1774067573751
[debug] [2026-03-21T04:12:31.795Z] >>> [apiv2][query] GET https://secretmanager.googleapis.com/v1/projects/twilio-messaging-8183c/secrets/TWILIO_AUTH_TOKEN [none]
[debug] [2026-03-21T04:12:32.156Z] <<< [apiv2][status] GET https://secretmanager.googleapis.com/v1/projects/twilio-messaging-8183c/secrets/TWILIO_AUTH_TOKEN 200
[debug] [2026-03-21T04:12:32.156Z] <<< [apiv2][body] GET https://secretmanager.googleapis.com/v1/projects/twilio-messaging-8183c/secrets/TWILIO_AUTH_TOKEN {"name":"projects/589640940481/secrets/TWILIO_AUTH_TOKEN","replication":{"automatic":{}},"createTime":"2026-01-18T19:21:10.181577Z","labels":{"firebase-managed":"functions"},"etag":"\"1648ae7a28f974\""}
[debug] [2026-03-21T04:12:32.157Z] Checked if tokens are valid: true, expires at: 1774067573751
[debug] [2026-03-21T04:12:32.157Z] Checked if tokens are valid: true, expires at: 1774067573751
[debug] [2026-03-21T04:12:32.157Z] >>> [apiv2][query] GET https://secretmanager.googleapis.com/v1/projects/twilio-messaging-8183c/secrets/TWILIO_AUTH_TOKEN/versions/latest [none]
[debug] [2026-03-21T04:12:32.499Z] <<< [apiv2][status] GET https://secretmanager.googleapis.com/v1/projects/twilio-messaging-8183c/secrets/TWILIO_AUTH_TOKEN/versions/latest 200
[debug] [2026-03-21T04:12:32.499Z] <<< [apiv2][body] GET https://secretmanager.googleapis.com/v1/projects/twilio-messaging-8183c/secrets/TWILIO_AUTH_TOKEN/versions/latest {"name":"projects/589640940481/secrets/TWILIO_AUTH_TOKEN/versions/1","createTime":"2026-01-18T19:21:14.102373Z","state":"ENABLED","replicationStatus":{"automatic":{}},"etag":"\"1648ae7a540e65\""}
[debug] [2026-03-21T04:12:32.500Z] Checked if tokens are valid: true, expires at: 1774067573751
[debug] [2026-03-21T04:12:32.500Z] Checked if tokens are valid: true, expires at: 1774067573751
[debug] [2026-03-21T04:12:32.500Z] >>> [apiv2][query] GET https://secretmanager.googleapis.com/v1/projects/twilio-messaging-8183c/secrets/TWILIO_API_KEY [none]
[debug] [2026-03-21T04:12:32.785Z] <<< [apiv2][status] GET https://secretmanager.googleapis.com/v1/projects/twilio-messaging-8183c/secrets/TWILIO_API_KEY 200
[debug] [2026-03-21T04:12:32.785Z] <<< [apiv2][body] GET https://secretmanager.googleapis.com/v1/projects/twilio-messaging-8183c/secrets/TWILIO_API_KEY {"name":"projects/589640940481/secrets/TWILIO_API_KEY","replication":{"automatic":{}},"createTime":"2026-01-18T19:21:24.655499Z","labels":{"firebase-managed":"functions"},"etag":"\"1648ae7b02b123\""}
[debug] [2026-03-21T04:12:32.785Z] Checked if tokens are valid: true, expires at: 1774067573751
[debug] [2026-03-21T04:12:32.785Z] Checked if tokens are valid: true, expires at: 1774067573751
[debug] [2026-03-21T04:12:32.785Z] >>> [apiv2][query] GET https://secretmanager.googleapis.com/v1/projects/twilio-messaging-8183c/secrets/TWILIO_API_KEY/versions/latest [none]
[debug] [2026-03-21T04:12:33.254Z] <<< [apiv2][status] GET https://secretmanager.googleapis.com/v1/projects/twilio-messaging-8183c/secrets/TWILIO_API_KEY/versions/latest 200
[debug] [2026-03-21T04:12:33.254Z] <<< [apiv2][body] GET https://secretmanager.googleapis.com/v1/projects/twilio-messaging-8183c/secrets/TWILIO_API_KEY/versions/latest {"name":"projects/589640940481/secrets/TWILIO_API_KEY/versions/1","createTime":"2026-01-18T19:21:30.022285Z","state":"ENABLED","replicationStatus":{"automatic":{}},"etag":"\"1648ae7b46f98d\""}
[debug] [2026-03-21T04:12:33.254Z] Checked if tokens are valid: true, expires at: 1774067573751
[debug] [2026-03-21T04:12:33.254Z] Checked if tokens are valid: true, expires at: 1774067573751
[debug] [2026-03-21T04:12:33.254Z] >>> [apiv2][query] GET https://secretmanager.googleapis.com/v1/projects/twilio-messaging-8183c/secrets/TWILIO_API_SECRET [none]
[debug] [2026-03-21T04:12:33.508Z] <<< [apiv2][status] GET https://secretmanager.googleapis.com/v1/projects/twilio-messaging-8183c/secrets/TWILIO_API_SECRET 200
[debug] [2026-03-21T04:12:33.509Z] <<< [apiv2][body] GET https://secretmanager.googleapis.com/v1/projects/twilio-messaging-8183c/secrets/TWILIO_API_SECRET {"name":"projects/589640940481/secrets/TWILIO_API_SECRET","replication":{"automatic":{}},"createTime":"2026-01-18T19:21:41.542815Z","labels":{"firebase-managed":"functions"},"etag":"\"1648ae7bfd0e58\""}
[debug] [2026-03-21T04:12:33.509Z] Checked if tokens are valid: true, expires at: 1774067573751
[debug] [2026-03-21T04:12:33.509Z] Checked if tokens are valid: true, expires at: 1774067573751
[debug] [2026-03-21T04:12:33.509Z] >>> [apiv2][query] GET https://secretmanager.googleapis.com/v1/projects/twilio-messaging-8183c/secrets/TWILIO_API_SECRET/versions/latest [none]
[debug] [2026-03-21T04:12:33.992Z] <<< [apiv2][status] GET https://secretmanager.googleapis.com/v1/projects/twilio-messaging-8183c/secrets/TWILIO_API_SECRET/versions/latest 200
[debug] [2026-03-21T04:12:33.992Z] <<< [apiv2][body] GET https://secretmanager.googleapis.com/v1/projects/twilio-messaging-8183c/secrets/TWILIO_API_SECRET/versions/latest {"name":"projects/589640940481/secrets/TWILIO_API_SECRET/versions/1","createTime":"2026-01-18T19:21:45.701486Z","state":"ENABLED","replicationStatus":{"automatic":{}},"etag":"\"1648ae7c36386e\""}
[debug] [2026-03-21T04:12:33.992Z] Checked if tokens are valid: true, expires at: 1774067573751
[debug] [2026-03-21T04:12:33.992Z] Checked if tokens are valid: true, expires at: 1774067573751
[debug] [2026-03-21T04:12:33.993Z] >>> [apiv2][query] GET https://secretmanager.googleapis.com/v1/projects/twilio-messaging-8183c/secrets/TWILIO_APP_SID [none]
[debug] [2026-03-21T04:12:34.271Z] <<< [apiv2][status] GET https://secretmanager.googleapis.com/v1/projects/twilio-messaging-8183c/secrets/TWILIO_APP_SID 200
[debug] [2026-03-21T04:12:34.271Z] <<< [apiv2][body] GET https://secretmanager.googleapis.com/v1/projects/twilio-messaging-8183c/secrets/TWILIO_APP_SID {"name":"projects/589640940481/secrets/TWILIO_APP_SID","replication":{"automatic":{}},"createTime":"2026-01-18T19:21:57.005028Z","labels":{"firebase-managed":"functions"},"etag":"\"1648ae7cf8fe6d\""}
[debug] [2026-03-21T04:12:34.271Z] Checked if tokens are valid: true, expires at: 1774067573751
[debug] [2026-03-21T04:12:34.271Z] Checked if tokens are valid: true, expires at: 1774067573751
[debug] [2026-03-21T04:12:34.271Z] >>> [apiv2][query] GET https://secretmanager.googleapis.com/v1/projects/twilio-messaging-8183c/secrets/TWILIO_APP_SID/versions/latest [none]
[debug] [2026-03-21T04:12:34.772Z] <<< [apiv2][status] GET https://secretmanager.googleapis.com/v1/projects/twilio-messaging-8183c/secrets/TWILIO_APP_SID/versions/latest 200
[debug] [2026-03-21T04:12:34.773Z] <<< [apiv2][body] GET https://secretmanager.googleapis.com/v1/projects/twilio-messaging-8183c/secrets/TWILIO_APP_SID/versions/latest {"name":"projects/589640940481/secrets/TWILIO_APP_SID/versions/1","createTime":"2026-01-18T19:22:02.665965Z","state":"ENABLED","replicationStatus":{"automatic":{}},"etag":"\"1648ae7d3913ed\""}
[debug] [2026-03-21T04:12:34.773Z] Checked if tokens are valid: true, expires at: 1774067573751
[debug] [2026-03-21T04:12:34.773Z] Checked if tokens are valid: true, expires at: 1774067573751
[debug] [2026-03-21T04:12:34.773Z] >>> [apiv2][query] GET https://secretmanager.googleapis.com/v1/projects/twilio-messaging-8183c/secrets/TWILIO_PHONE [none]
[debug] [2026-03-21T04:12:35.036Z] <<< [apiv2][status] GET https://secretmanager.googleapis.com/v1/projects/twilio-messaging-8183c/secrets/TWILIO_PHONE 200
[debug] [2026-03-21T04:12:35.037Z] <<< [apiv2][body] GET https://secretmanager.googleapis.com/v1/projects/twilio-messaging-8183c/secrets/TWILIO_PHONE {"name":"projects/589640940481/secrets/TWILIO_PHONE","replication":{"automatic":{}},"createTime":"2026-01-18T19:20:54.813020Z","labels":{"firebase-managed":"functions"},"etag":"\"1648ae793e357b\""}
[debug] [2026-03-21T04:12:35.037Z] Checked if tokens are valid: true, expires at: 1774067573751
[debug] [2026-03-21T04:12:35.037Z] Checked if tokens are valid: true, expires at: 1774067573751
[debug] [2026-03-21T04:12:35.037Z] >>> [apiv2][query] GET https://secretmanager.googleapis.com/v1/projects/twilio-messaging-8183c/secrets/TWILIO_PHONE/versions/latest [none]
[debug] [2026-03-21T04:12:35.511Z] <<< [apiv2][status] GET https://secretmanager.googleapis.com/v1/projects/twilio-messaging-8183c/secrets/TWILIO_PHONE/versions/latest 200
[debug] [2026-03-21T04:12:35.511Z] <<< [apiv2][body] GET https://secretmanager.googleapis.com/v1/projects/twilio-messaging-8183c/secrets/TWILIO_PHONE/versions/latest {"name":"projects/589640940481/secrets/TWILIO_PHONE/versions/1","createTime":"2026-01-18T19:20:58.851907Z","state":"ENABLED","replicationStatus":{"automatic":{}},"etag":"\"1648ae796b5a43\""}
[debug] [2026-03-21T04:12:35.511Z] Checked if tokens are valid: true, expires at: 1774067573751
[debug] [2026-03-21T04:12:35.511Z] Checked if tokens are valid: true, expires at: 1774067573751
[debug] [2026-03-21T04:12:35.511Z] >>> [apiv2][query] GET https://secretmanager.googleapis.com/v1/projects/twilio-messaging-8183c/secrets/AIRTABLE_TOKEN [none]
[debug] [2026-03-21T04:12:35.836Z] <<< [apiv2][status] GET https://secretmanager.googleapis.com/v1/projects/twilio-messaging-8183c/secrets/AIRTABLE_TOKEN 200
[debug] [2026-03-21T04:12:35.836Z] <<< [apiv2][body] GET https://secretmanager.googleapis.com/v1/projects/twilio-messaging-8183c/secrets/AIRTABLE_TOKEN {"name":"projects/589640940481/secrets/AIRTABLE_TOKEN","replication":{"automatic":{}},"createTime":"2026-01-24T19:00:51.583300Z","labels":{"firebase-managed":"functions"},"etag":"\"164926e48c5234\""}
[debug] [2026-03-21T04:12:35.836Z] Checked if tokens are valid: true, expires at: 1774067573751
[debug] [2026-03-21T04:12:35.836Z] Checked if tokens are valid: true, expires at: 1774067573751
[debug] [2026-03-21T04:12:35.837Z] >>> [apiv2][query] GET https://secretmanager.googleapis.com/v1/projects/twilio-messaging-8183c/secrets/AIRTABLE_TOKEN/versions/latest [none]
[debug] [2026-03-21T04:12:36.361Z] <<< [apiv2][status] GET https://secretmanager.googleapis.com/v1/projects/twilio-messaging-8183c/secrets/AIRTABLE_TOKEN/versions/latest 200
[debug] [2026-03-21T04:12:36.362Z] <<< [apiv2][body] GET https://secretmanager.googleapis.com/v1/projects/twilio-messaging-8183c/secrets/AIRTABLE_TOKEN/versions/latest {"name":"projects/589640940481/secrets/AIRTABLE_TOKEN/versions/1","createTime":"2026-01-24T19:00:55.340998Z","state":"ENABLED","replicationStatus":{"automatic":{}},"etag":"\"164926e4bb7bc6\""}
[debug] [2026-03-21T04:12:36.362Z] Checked if tokens are valid: true, expires at: 1774067573751
[debug] [2026-03-21T04:12:36.362Z] Checked if tokens are valid: true, expires at: 1774067573751
[debug] [2026-03-21T04:12:36.362Z] >>> [apiv2][query] GET https://secretmanager.googleapis.com/v1/projects/twilio-messaging-8183c/secrets/AIRTABLE_BASE_ID [none]
[debug] [2026-03-21T04:12:36.638Z] <<< [apiv2][status] GET https://secretmanager.googleapis.com/v1/projects/twilio-messaging-8183c/secrets/AIRTABLE_BASE_ID 200
[debug] [2026-03-21T04:12:36.638Z] <<< [apiv2][body] GET https://secretmanager.googleapis.com/v1/projects/twilio-messaging-8183c/secrets/AIRTABLE_BASE_ID {"name":"projects/589640940481/secrets/AIRTABLE_BASE_ID","replication":{"automatic":{}},"createTime":"2026-01-24T18:41:46.003902Z","labels":{"firebase-managed":"functions"},"etag":"\"164926a04b7f31\""}
[debug] [2026-03-21T04:12:36.638Z] Checked if tokens are valid: true, expires at: 1774067573751
[debug] [2026-03-21T04:12:36.638Z] Checked if tokens are valid: true, expires at: 1774067573751
[debug] [2026-03-21T04:12:36.638Z] >>> [apiv2][query] GET https://secretmanager.googleapis.com/v1/projects/twilio-messaging-8183c/secrets/AIRTABLE_BASE_ID/versions/latest [none]
[debug] [2026-03-21T04:12:37.020Z] <<< [apiv2][status] GET https://secretmanager.googleapis.com/v1/projects/twilio-messaging-8183c/secrets/AIRTABLE_BASE_ID/versions/latest 200
[debug] [2026-03-21T04:12:37.020Z] <<< [apiv2][body] GET https://secretmanager.googleapis.com/v1/projects/twilio-messaging-8183c/secrets/AIRTABLE_BASE_ID/versions/latest {"name":"projects/589640940481/secrets/AIRTABLE_BASE_ID/versions/1","createTime":"2026-01-24T18:41:51.409702Z","state":"ENABLED","replicationStatus":{"automatic":{}},"etag":"\"164926a08c7a26\""}
[debug] [2026-03-21T04:12:37.020Z] Checked if tokens are valid: true, expires at: 1774067573751
[debug] [2026-03-21T04:12:37.020Z] Checked if tokens are valid: true, expires at: 1774067573751
[debug] [2026-03-21T04:12:37.020Z] >>> [apiv2][query] GET https://secretmanager.googleapis.com/v1/projects/twilio-messaging-8183c/secrets/AIRTABLE_TABLE_ID [none]
[debug] [2026-03-21T04:12:37.304Z] <<< [apiv2][status] GET https://secretmanager.googleapis.com/v1/projects/twilio-messaging-8183c/secrets/AIRTABLE_TABLE_ID 200
[debug] [2026-03-21T04:12:37.305Z] <<< [apiv2][body] GET https://secretmanager.googleapis.com/v1/projects/twilio-messaging-8183c/secrets/AIRTABLE_TABLE_ID {"name":"projects/589640940481/secrets/AIRTABLE_TABLE_ID","replication":{"automatic":{}},"createTime":"2026-01-24T18:59:24.149823Z","labels":{"firebase-managed":"functions"},"etag":"\"164926df563313\""}
[debug] [2026-03-21T04:12:37.305Z] Checked if tokens are valid: true, expires at: 1774067573751
[debug] [2026-03-21T04:12:37.305Z] Checked if tokens are valid: true, expires at: 1774067573751
[debug] [2026-03-21T04:12:37.305Z] >>> [apiv2][query] GET https://secretmanager.googleapis.com/v1/projects/twilio-messaging-8183c/secrets/AIRTABLE_TABLE_ID/versions/latest [none]
[debug] [2026-03-21T04:12:37.596Z] <<< [apiv2][status] GET https://secretmanager.googleapis.com/v1/projects/twilio-messaging-8183c/secrets/AIRTABLE_TABLE_ID/versions/latest 200
[debug] [2026-03-21T04:12:37.596Z] <<< [apiv2][body] GET https://secretmanager.googleapis.com/v1/projects/twilio-messaging-8183c/secrets/AIRTABLE_TABLE_ID/versions/latest {"name":"projects/589640940481/secrets/AIRTABLE_TABLE_ID/versions/1","createTime":"2026-01-24T18:59:28.278237Z","state":"ENABLED","replicationStatus":{"automatic":{}},"etag":"\"164926df8b02dd\""}
[debug] [2026-03-21T04:12:37.597Z] Checked if tokens are valid: true, expires at: 1774067573751
[debug] [2026-03-21T04:12:37.597Z] Checked if tokens are valid: true, expires at: 1774067573751
[debug] [2026-03-21T04:12:37.597Z] >>> [apiv2][query] GET https://secretmanager.googleapis.com/v1/projects/twilio-messaging-8183c/secrets/TWILIO_CONVERSATIONS_SERVICE_SID [none]
[debug] [2026-03-21T04:12:37.854Z] <<< [apiv2][status] GET https://secretmanager.googleapis.com/v1/projects/twilio-messaging-8183c/secrets/TWILIO_CONVERSATIONS_SERVICE_SID 200
[debug] [2026-03-21T04:12:37.854Z] <<< [apiv2][body] GET https://secretmanager.googleapis.com/v1/projects/twilio-messaging-8183c/secrets/TWILIO_CONVERSATIONS_SERVICE_SID {"name":"projects/589640940481/secrets/TWILIO_CONVERSATIONS_SERVICE_SID","replication":{"automatic":{}},"createTime":"2026-03-21T03:52:01.172496Z","labels":{"firebase-managed":"functions"},"etag":"\"164d80b9788094\""}
[debug] [2026-03-21T04:12:37.854Z] Checked if tokens are valid: true, expires at: 1774067573751
[debug] [2026-03-21T04:12:37.854Z] Checked if tokens are valid: true, expires at: 1774067573751
[debug] [2026-03-21T04:12:37.854Z] >>> [apiv2][query] GET https://secretmanager.googleapis.com/v1/projects/twilio-messaging-8183c/secrets/TWILIO_CONVERSATIONS_SERVICE_SID/versions/latest [none]
[debug] [2026-03-21T04:12:38.391Z] <<< [apiv2][status] GET https://secretmanager.googleapis.com/v1/projects/twilio-messaging-8183c/secrets/TWILIO_CONVERSATIONS_SERVICE_SID/versions/latest 200
[debug] [2026-03-21T04:12:38.392Z] <<< [apiv2][body] GET https://secretmanager.googleapis.com/v1/projects/twilio-messaging-8183c/secrets/TWILIO_CONVERSATIONS_SERVICE_SID/versions/latest {"name":"projects/589640940481/secrets/TWILIO_CONVERSATIONS_SERVICE_SID/versions/1","createTime":"2026-03-21T03:52:13.467102Z","state":"ENABLED","replicationStatus":{"automatic":{}},"etag":"\"164d80ba16b5de\""}
[debug] [2026-03-21T04:12:38.392Z] Checked if tokens are valid: true, expires at: 1774067573751
[debug] [2026-03-21T04:12:38.392Z] Checked if tokens are valid: true, expires at: 1774067573751
[debug] [2026-03-21T04:12:38.392Z] >>> [apiv2][query] GET https://secretmanager.googleapis.com/v1/projects/twilio-messaging-8183c/secrets/TWILIO_IDENTITY [none]
[debug] [2026-03-21T04:12:38.644Z] <<< [apiv2][status] GET https://secretmanager.googleapis.com/v1/projects/twilio-messaging-8183c/secrets/TWILIO_IDENTITY 200
[debug] [2026-03-21T04:12:38.644Z] <<< [apiv2][body] GET https://secretmanager.googleapis.com/v1/projects/twilio-messaging-8183c/secrets/TWILIO_IDENTITY {"name":"projects/589640940481/secrets/TWILIO_IDENTITY","replication":{"automatic":{}},"createTime":"2026-03-21T03:52:25.904675Z","labels":{"firebase-managed":"functions"},"etag":"\"164d80baf51a6b\""}
[debug] [2026-03-21T04:12:38.644Z] Checked if tokens are valid: true, expires at: 1774067573751
[debug] [2026-03-21T04:12:38.644Z] Checked if tokens are valid: true, expires at: 1774067573751
[debug] [2026-03-21T04:12:38.644Z] >>> [apiv2][query] GET https://secretmanager.googleapis.com/v1/projects/twilio-messaging-8183c/secrets/TWILIO_IDENTITY/versions/latest [none]
[debug] [2026-03-21T04:12:38.982Z] <<< [apiv2][status] GET https://secretmanager.googleapis.com/v1/projects/twilio-messaging-8183c/secrets/TWILIO_IDENTITY/versions/latest 200
[debug] [2026-03-21T04:12:38.982Z] <<< [apiv2][body] GET https://secretmanager.googleapis.com/v1/projects/twilio-messaging-8183c/secrets/TWILIO_IDENTITY/versions/latest {"name":"projects/589640940481/secrets/TWILIO_IDENTITY/versions/1","createTime":"2026-03-21T03:52:32.806945Z","state":"ENABLED","replicationStatus":{"automatic":{}},"etag":"\"164d80bb3dd021\""}
[info] i  functions: preparing functions directory for uploading... 
[info] i  functions: packaged C:\Users\MarcoRipa\Projects\twilio-messaging\functions (70.89 KB) for uploading 
[debug] [2026-03-21T04:12:39.051Z] Checked if tokens are valid: true, expires at: 1774067573751
[debug] [2026-03-21T04:12:39.052Z] Checked if tokens are valid: true, expires at: 1774067573751
[debug] [2026-03-21T04:12:39.052Z] >>> [apiv2][query] GET https://cloudfunctions.googleapis.com/v1/projects/twilio-messaging-8183c/locations/-/functions [none]
[debug] [2026-03-21T04:12:40.236Z] <<< [apiv2][status] GET https://cloudfunctions.googleapis.com/v1/projects/twilio-messaging-8183c/locations/-/functions 200
[debug] [2026-03-21T04:12:40.236Z] <<< [apiv2][body] GET https://cloudfunctions.googleapis.com/v1/projects/twilio-messaging-8183c/locations/-/functions {}
[debug] [2026-03-21T04:12:40.237Z] Checked if tokens are valid: true, expires at: 1774067573751
[debug] [2026-03-21T04:12:40.237Z] Checked if tokens are valid: true, expires at: 1774067573751
[debug] [2026-03-21T04:12:40.237Z] >>> [apiv2][query] GET https://cloudfunctions.googleapis.com/v2/projects/twilio-messaging-8183c/locations/-/functions filter=environment%3D%22GEN_2%22
[debug] [2026-03-21T04:12:41.992Z] <<< [apiv2][status] GET https://cloudfunctions.googleapis.com/v2/projects/twilio-messaging-8183c/locations/-/functions 200
[debug] [2026-03-21T04:12:41.993Z] <<< [apiv2][body] GET https://cloudfunctions.googleapis.com/v2/projects/twilio-messaging-8183c/locations/-/functions {"functions":[{"name":"projects/twilio-messaging-8183c/locations/us-central1/functions/api","buildConfig":{"build":"projects/589640940481/locations/us-central1/builds/436a3a29-9ecd-4158-964a-f462a8002a47","runtime":"nodejs24","entryPoint":"api","source":{"storageSource":{"bucket":"gcf-v2-sources-589640940481-us-central1","object":"api/function-source.zip","generation":"1769364826425673"}},"environmentVariables":{"GOOGLE_NODE_RUN_SCRIPTS":""},"dockerRepository":"projects/twilio-messaging-8183c/locations/us-central1/repositories/gcf-artifacts","sourceProvenance":{"resolvedStorageSource":{"bucket":"gcf-v2-sources-589640940481-us-central1","object":"api/function-source.zip","generation":"1769364826425673"}},"dockerRegistry":"ARTIFACT_REGISTRY","serviceAccount":"projects/twilio-messaging-8183c/serviceAccounts/589640940481-compute@developer.gserviceaccount.com","automaticUpdatePolicy":{}},"serviceConfig":{"service":"projects/twilio-messaging-8183c/locations/us-central1/services/api","timeoutSeconds":60,"environmentVariables":{"FIREBASE_CONFIG":"{\"projectId\":\"twilio-messaging-8183c\",\"storageBucket\":\"twilio-messaging-8183c.firebasestorage.app\"}","GCLOUD_PROJECT":"twilio-messaging-8183c","EVENTARC_CLOUD_EVENT_SOURCE":"projects/twilio-messaging-8183c/locations/us-central1/services/api","FUNCTION_TARGET":"api","LOG_EXECUTION_ID":"true"},"maxInstanceCount":10,"ingressSettings":"ALLOW_ALL","uri":"https://api-4igjg5oowa-uc.a.run.app","serviceAccountEmail":"589640940481-compute@developer.gserviceaccount.com","availableMemory":"256Mi","allTrafficOnLatestRevision":true,"secretEnvironmentVariables":[{"key":"TWILIO_ACCOUNT_ID","projectId":"twilio-messaging-8183c","secret":"TWILIO_ACCOUNT_ID","version":"1"},{"key":"TWILIO_AUTH_TOKEN","projectId":"twilio-messaging-8183c","secret":"TWILIO_AUTH_TOKEN","version":"1"},{"key":"TWILIO_API_KEY","projectId":"twilio-messaging-8183c","secret":"TWILIO_API_KEY","version":"1"},{"key":"TWILIO_API_SECRET","projectId":"twilio-messaging-8183c","secret":"TWILIO_API_SECRET","version":"1"},{"key":"TWILIO_APP_SID","projectId":"twilio-messaging-8183c","secret":"TWILIO_APP_SID","version":"1"},{"key":"TWILIO_PHONE","projectId":"twilio-messaging-8183c","secret":"TWILIO_PHONE","version":"1"},{"key":"AIRTABLE_TOKEN","projectId":"twilio-messaging-8183c","secret":"AIRTABLE_TOKEN","version":"1"},{"key":"AIRTABLE_BASE_ID","projectId":"twilio-messaging-8183c","secret":"AIRTABLE_BASE_ID","version":"1"},{"key":"AIRTABLE_TABLE_ID","projectId":"twilio-messaging-8183c","secret":"AIRTABLE_TABLE_ID","version":"1"}],"revision":"api-00013-vaw","maxInstanceRequestConcurrency":80,"availableCpu":"1"},"state":"ACTIVE","updateTime":"2026-01-25T18:14:28.857352854Z","labels":{"deployment-tool":"cli-firebase","firebase-functions-hash":"8118b487e3ee56489e8044d08b0adb350e10e23b"},"environment":"GEN_2","url":"https://us-central1-twilio-messaging-8183c.cloudfunctions.net/api","createTime":"2026-01-18T19:37:59.309116773Z","satisfiesPzi":true}]}
[info] i  functions: ensuring required API run.googleapis.com is enabled... 
[info] i  functions: ensuring required API eventarc.googleapis.com is enabled... 
[info] i  functions: ensuring required API pubsub.googleapis.com is enabled... 
[info] i  functions: ensuring required API storage.googleapis.com is enabled... 
[info] i  functions: generating the service identity for pubsub.googleapis.com... 
[debug] [2026-03-21T04:12:42.001Z] Checked if tokens are valid: true, expires at: 1774067573751
[debug] [2026-03-21T04:12:42.001Z] Checked if tokens are valid: true, expires at: 1774067573751
[info] i  functions: generating the service identity for eventarc.googleapis.com... 
[debug] [2026-03-21T04:12:42.002Z] Checked if tokens are valid: true, expires at: 1774067573751
[debug] [2026-03-21T04:12:42.002Z] Checked if tokens are valid: true, expires at: 1774067573751
[debug] [2026-03-21T04:12:42.002Z] >>> [apiv2][query] POST https://serviceusage.googleapis.com/v1beta1/projects/589640940481/services/pubsub.googleapis.com:generateServiceIdentity [none]
[debug] [2026-03-21T04:12:42.002Z] >>> [apiv2][(partial)header] POST https://serviceusage.googleapis.com/v1beta1/projects/589640940481/services/pubsub.googleapis.com:generateServiceIdentity x-goog-quota-user=projects/589640940481
[debug] [2026-03-21T04:12:42.002Z] >>> [apiv2][body] POST https://serviceusage.googleapis.com/v1beta1/projects/589640940481/services/pubsub.googleapis.com:generateServiceIdentity {}
[debug] [2026-03-21T04:12:42.004Z] >>> [apiv2][query] POST https://serviceusage.googleapis.com/v1beta1/projects/589640940481/services/eventarc.googleapis.com:generateServiceIdentity [none]
[debug] [2026-03-21T04:12:42.004Z] >>> [apiv2][(partial)header] POST https://serviceusage.googleapis.com/v1beta1/projects/589640940481/services/eventarc.googleapis.com:generateServiceIdentity x-goog-quota-user=projects/589640940481
[debug] [2026-03-21T04:12:42.004Z] >>> [apiv2][body] POST https://serviceusage.googleapis.com/v1beta1/projects/589640940481/services/eventarc.googleapis.com:generateServiceIdentity {}
[debug] [2026-03-21T04:12:43.668Z] <<< [apiv2][status] POST https://serviceusage.googleapis.com/v1beta1/projects/589640940481/services/pubsub.googleapis.com:generateServiceIdentity 200
[debug] [2026-03-21T04:12:43.668Z] <<< [apiv2][body] POST https://serviceusage.googleapis.com/v1beta1/projects/589640940481/services/pubsub.googleapis.com:generateServiceIdentity {"name":"operations/finished.DONE_OPERATION","done":true,"response":{"@type":"type.googleapis.com/google.api.serviceusage.v1beta1.ServiceIdentity","email":"service-589640940481@gcp-sa-pubsub.iam.gserviceaccount.com","uniqueId":"107928734183313087607"}}
[debug] [2026-03-21T04:12:43.829Z] <<< [apiv2][status] POST https://serviceusage.googleapis.com/v1beta1/projects/589640940481/services/eventarc.googleapis.com:generateServiceIdentity 200
[debug] [2026-03-21T04:12:43.829Z] <<< [apiv2][body] POST https://serviceusage.googleapis.com/v1beta1/projects/589640940481/services/eventarc.googleapis.com:generateServiceIdentity {"name":"operations/finished.DONE_OPERATION","done":true,"response":{"@type":"type.googleapis.com/google.api.serviceusage.v1beta1.ServiceIdentity","email":"service-589640940481@gcp-sa-eventarc.iam.gserviceaccount.com","uniqueId":"108963614264635573700"}}
[info] i  functions: ensuring required API secretmanager.googleapis.com is enabled... 
[debug] [2026-03-21T04:12:43.832Z] Checked if tokens are valid: true, expires at: 1774067573751
[debug] [2026-03-21T04:12:43.832Z] Checked if tokens are valid: true, expires at: 1774067573751
[debug] [2026-03-21T04:12:43.832Z] Checked if tokens are valid: true, expires at: 1774067573751
[debug] [2026-03-21T04:12:43.833Z] Checked if tokens are valid: true, expires at: 1774067573751
[debug] [2026-03-21T04:12:43.833Z] Checked if tokens are valid: true, expires at: 1774067573751
[debug] [2026-03-21T04:12:43.833Z] Checked if tokens are valid: true, expires at: 1774067573751
[debug] [2026-03-21T04:12:43.833Z] Checked if tokens are valid: true, expires at: 1774067573751
[debug] [2026-03-21T04:12:43.833Z] Checked if tokens are valid: true, expires at: 1774067573751
[debug] [2026-03-21T04:12:43.833Z] Checked if tokens are valid: true, expires at: 1774067573751
[debug] [2026-03-21T04:12:43.833Z] Checked if tokens are valid: true, expires at: 1774067573751
[debug] [2026-03-21T04:12:43.833Z] Checked if tokens are valid: true, expires at: 1774067573751
[debug] [2026-03-21T04:12:43.833Z] Checked if tokens are valid: true, expires at: 1774067573751
[debug] [2026-03-21T04:12:43.833Z] Checked if tokens are valid: true, expires at: 1774067573751
[debug] [2026-03-21T04:12:43.833Z] Checked if tokens are valid: true, expires at: 1774067573751
[debug] [2026-03-21T04:12:43.833Z] Checked if tokens are valid: true, expires at: 1774067573751
[debug] [2026-03-21T04:12:43.833Z] Checked if tokens are valid: true, expires at: 1774067573751
[debug] [2026-03-21T04:12:43.833Z] Checked if tokens are valid: true, expires at: 1774067573751
[debug] [2026-03-21T04:12:43.833Z] Checked if tokens are valid: true, expires at: 1774067573751
[debug] [2026-03-21T04:12:43.833Z] Checked if tokens are valid: true, expires at: 1774067573751
[debug] [2026-03-21T04:12:43.834Z] Checked if tokens are valid: true, expires at: 1774067573751
[debug] [2026-03-21T04:12:43.834Z] Checked if tokens are valid: true, expires at: 1774067573751
[debug] [2026-03-21T04:12:43.834Z] Checked if tokens are valid: true, expires at: 1774067573751
[debug] [2026-03-21T04:12:43.834Z] >>> [apiv2][query] GET https://secretmanager.googleapis.com/v1/projects/twilio-messaging-8183c/secrets/TWILIO_ACCOUNT_ID/versions/latest [none]
[debug] [2026-03-21T04:12:43.834Z] >>> [apiv2][query] GET https://secretmanager.googleapis.com/v1/projects/twilio-messaging-8183c/secrets/TWILIO_AUTH_TOKEN/versions/latest [none]
[debug] [2026-03-21T04:12:43.837Z] >>> [apiv2][query] GET https://secretmanager.googleapis.com/v1/projects/twilio-messaging-8183c/secrets/TWILIO_API_KEY/versions/latest [none]
[debug] [2026-03-21T04:12:43.839Z] >>> [apiv2][query] GET https://secretmanager.googleapis.com/v1/projects/twilio-messaging-8183c/secrets/TWILIO_API_SECRET/versions/latest [none]
[debug] [2026-03-21T04:12:43.841Z] >>> [apiv2][query] GET https://secretmanager.googleapis.com/v1/projects/twilio-messaging-8183c/secrets/TWILIO_APP_SID/versions/latest [none]
[debug] [2026-03-21T04:12:43.843Z] >>> [apiv2][query] GET https://secretmanager.googleapis.com/v1/projects/twilio-messaging-8183c/secrets/TWILIO_PHONE/versions/latest [none]
[debug] [2026-03-21T04:12:43.845Z] >>> [apiv2][query] GET https://secretmanager.googleapis.com/v1/projects/twilio-messaging-8183c/secrets/AIRTABLE_TOKEN/versions/latest [none]
[debug] [2026-03-21T04:12:43.848Z] >>> [apiv2][query] GET https://secretmanager.googleapis.com/v1/projects/twilio-messaging-8183c/secrets/AIRTABLE_BASE_ID/versions/latest [none]
[debug] [2026-03-21T04:12:43.851Z] >>> [apiv2][query] GET https://secretmanager.googleapis.com/v1/projects/twilio-messaging-8183c/secrets/AIRTABLE_TABLE_ID/versions/latest [none]
[debug] [2026-03-21T04:12:43.853Z] >>> [apiv2][query] GET https://secretmanager.googleapis.com/v1/projects/twilio-messaging-8183c/secrets/TWILIO_CONVERSATIONS_SERVICE_SID/versions/latest [none]
[debug] [2026-03-21T04:12:43.856Z] >>> [apiv2][query] GET https://secretmanager.googleapis.com/v1/projects/twilio-messaging-8183c/secrets/TWILIO_IDENTITY/versions/latest [none]
[debug] [2026-03-21T04:12:44.234Z] <<< [apiv2][status] GET https://secretmanager.googleapis.com/v1/projects/twilio-messaging-8183c/secrets/TWILIO_CONVERSATIONS_SERVICE_SID/versions/latest 200
[debug] [2026-03-21T04:12:44.234Z] <<< [apiv2][body] GET https://secretmanager.googleapis.com/v1/projects/twilio-messaging-8183c/secrets/TWILIO_CONVERSATIONS_SERVICE_SID/versions/latest {"name":"projects/589640940481/secrets/TWILIO_CONVERSATIONS_SERVICE_SID/versions/1","createTime":"2026-03-21T03:52:13.467102Z","state":"ENABLED","replicationStatus":{"automatic":{}},"etag":"\"164d80ba16b5de\""}
[debug] [2026-03-21T04:12:44.235Z] Resolved secret version of TWILIO_CONVERSATIONS_SERVICE_SID to 1.
[debug] [2026-03-21T04:12:44.236Z] <<< [apiv2][status] GET https://secretmanager.googleapis.com/v1/projects/twilio-messaging-8183c/secrets/TWILIO_ACCOUNT_ID/versions/latest 200
[debug] [2026-03-21T04:12:44.236Z] <<< [apiv2][body] GET https://secretmanager.googleapis.com/v1/projects/twilio-messaging-8183c/secrets/TWILIO_ACCOUNT_ID/versions/latest {"name":"projects/589640940481/secrets/TWILIO_ACCOUNT_ID/versions/1","createTime":"2026-01-18T19:20:26.756236Z","state":"ENABLED","replicationStatus":{"automatic":{}},"etag":"\"1648ae77819c8c\""}
[debug] [2026-03-21T04:12:44.236Z] Resolved secret version of TWILIO_ACCOUNT_ID to 1.
[debug] [2026-03-21T04:12:44.367Z] <<< [apiv2][status] GET https://secretmanager.googleapis.com/v1/projects/twilio-messaging-8183c/secrets/TWILIO_API_KEY/versions/latest 200
[debug] [2026-03-21T04:12:44.367Z] <<< [apiv2][body] GET https://secretmanager.googleapis.com/v1/projects/twilio-messaging-8183c/secrets/TWILIO_API_KEY/versions/latest {"name":"projects/589640940481/secrets/TWILIO_API_KEY/versions/1","createTime":"2026-01-18T19:21:30.022285Z","state":"ENABLED","replicationStatus":{"automatic":{}},"etag":"\"1648ae7b46f98d\""}
[debug] [2026-03-21T04:12:44.367Z] Resolved secret version of TWILIO_API_KEY to 1.
[debug] [2026-03-21T04:12:44.390Z] <<< [apiv2][status] GET https://secretmanager.googleapis.com/v1/projects/twilio-messaging-8183c/secrets/TWILIO_IDENTITY/versions/latest 200
[debug] [2026-03-21T04:12:44.390Z] <<< [apiv2][body] GET https://secretmanager.googleapis.com/v1/projects/twilio-messaging-8183c/secrets/TWILIO_IDENTITY/versions/latest {"name":"projects/589640940481/secrets/TWILIO_IDENTITY/versions/1","createTime":"2026-03-21T03:52:32.806945Z","state":"ENABLED","replicationStatus":{"automatic":{}},"etag":"\"164d80bb3dd021\""}
[debug] [2026-03-21T04:12:44.390Z] Resolved secret version of TWILIO_IDENTITY to 1.
[debug] [2026-03-21T04:12:44.392Z] <<< [apiv2][status] GET https://secretmanager.googleapis.com/v1/projects/twilio-messaging-8183c/secrets/TWILIO_APP_SID/versions/latest 200
[debug] [2026-03-21T04:12:44.392Z] <<< [apiv2][body] GET https://secretmanager.googleapis.com/v1/projects/twilio-messaging-8183c/secrets/TWILIO_APP_SID/versions/latest {"name":"projects/589640940481/secrets/TWILIO_APP_SID/versions/1","createTime":"2026-01-18T19:22:02.665965Z","state":"ENABLED","replicationStatus":{"automatic":{}},"etag":"\"1648ae7d3913ed\""}
[debug] [2026-03-21T04:12:44.392Z] Resolved secret version of TWILIO_APP_SID to 1.
[debug] [2026-03-21T04:12:44.501Z] <<< [apiv2][status] GET https://secretmanager.googleapis.com/v1/projects/twilio-messaging-8183c/secrets/TWILIO_API_SECRET/versions/latest 200
[debug] [2026-03-21T04:12:44.501Z] <<< [apiv2][body] GET https://secretmanager.googleapis.com/v1/projects/twilio-messaging-8183c/secrets/TWILIO_API_SECRET/versions/latest {"name":"projects/589640940481/secrets/TWILIO_API_SECRET/versions/1","createTime":"2026-01-18T19:21:45.701486Z","state":"ENABLED","replicationStatus":{"automatic":{}},"etag":"\"1648ae7c36386e\""}
[debug] [2026-03-21T04:12:44.501Z] Resolved secret version of TWILIO_API_SECRET to 1.
[debug] [2026-03-21T04:12:44.513Z] <<< [apiv2][status] GET https://secretmanager.googleapis.com/v1/projects/twilio-messaging-8183c/secrets/TWILIO_AUTH_TOKEN/versions/latest 200
[debug] [2026-03-21T04:12:44.513Z] <<< [apiv2][body] GET https://secretmanager.googleapis.com/v1/projects/twilio-messaging-8183c/secrets/TWILIO_AUTH_TOKEN/versions/latest {"name":"projects/589640940481/secrets/TWILIO_AUTH_TOKEN/versions/1","createTime":"2026-01-18T19:21:14.102373Z","state":"ENABLED","replicationStatus":{"automatic":{}},"etag":"\"1648ae7a540e65\""}
[debug] [2026-03-21T04:12:44.513Z] Resolved secret version of TWILIO_AUTH_TOKEN to 1.
[debug] [2026-03-21T04:12:44.515Z] <<< [apiv2][status] GET https://secretmanager.googleapis.com/v1/projects/twilio-messaging-8183c/secrets/AIRTABLE_TOKEN/versions/latest 200
[debug] [2026-03-21T04:12:44.515Z] <<< [apiv2][body] GET https://secretmanager.googleapis.com/v1/projects/twilio-messaging-8183c/secrets/AIRTABLE_TOKEN/versions/latest {"name":"projects/589640940481/secrets/AIRTABLE_TOKEN/versions/1","createTime":"2026-01-24T19:00:55.340998Z","state":"ENABLED","replicationStatus":{"automatic":{}},"etag":"\"164926e4bb7bc6\""}
[debug] [2026-03-21T04:12:44.515Z] Resolved secret version of AIRTABLE_TOKEN to 1.
[debug] [2026-03-21T04:12:44.516Z] <<< [apiv2][status] GET https://secretmanager.googleapis.com/v1/projects/twilio-messaging-8183c/secrets/TWILIO_PHONE/versions/latest 200
[debug] [2026-03-21T04:12:44.517Z] <<< [apiv2][body] GET https://secretmanager.googleapis.com/v1/projects/twilio-messaging-8183c/secrets/TWILIO_PHONE/versions/latest {"name":"projects/589640940481/secrets/TWILIO_PHONE/versions/1","createTime":"2026-01-18T19:20:58.851907Z","state":"ENABLED","replicationStatus":{"automatic":{}},"etag":"\"1648ae796b5a43\""}
[debug] [2026-03-21T04:12:44.517Z] Resolved secret version of TWILIO_PHONE to 1.
[debug] [2026-03-21T04:12:44.523Z] <<< [apiv2][status] GET https://secretmanager.googleapis.com/v1/projects/twilio-messaging-8183c/secrets/AIRTABLE_TABLE_ID/versions/latest 200
[debug] [2026-03-21T04:12:44.523Z] <<< [apiv2][body] GET https://secretmanager.googleapis.com/v1/projects/twilio-messaging-8183c/secrets/AIRTABLE_TABLE_ID/versions/latest {"name":"projects/589640940481/secrets/AIRTABLE_TABLE_ID/versions/1","createTime":"2026-01-24T18:59:28.278237Z","state":"ENABLED","replicationStatus":{"automatic":{}},"etag":"\"164926df8b02dd\""}
[debug] [2026-03-21T04:12:44.523Z] Resolved secret version of AIRTABLE_TABLE_ID to 1.
[debug] [2026-03-21T04:12:44.539Z] <<< [apiv2][status] GET https://secretmanager.googleapis.com/v1/projects/twilio-messaging-8183c/secrets/AIRTABLE_BASE_ID/versions/latest 200
[debug] [2026-03-21T04:12:44.539Z] <<< [apiv2][body] GET https://secretmanager.googleapis.com/v1/projects/twilio-messaging-8183c/secrets/AIRTABLE_BASE_ID/versions/latest {"name":"projects/589640940481/secrets/AIRTABLE_BASE_ID/versions/1","createTime":"2026-01-24T18:41:51.409702Z","state":"ENABLED","replicationStatus":{"automatic":{}},"etag":"\"164926a08c7a26\""}
[debug] [2026-03-21T04:12:44.539Z] Resolved secret version of AIRTABLE_BASE_ID to 1.
[debug] [2026-03-21T04:12:44.541Z] Checked if tokens are valid: true, expires at: 1774067573751
[debug] [2026-03-21T04:12:44.541Z] Checked if tokens are valid: true, expires at: 1774067573751
[debug] [2026-03-21T04:12:44.541Z] >>> [apiv2][query] GET https://cloudresourcemanager.googleapis.com/v1/projects/twilio-messaging-8183c [none]
[debug] [2026-03-21T04:12:44.998Z] <<< [apiv2][status] GET https://cloudresourcemanager.googleapis.com/v1/projects/twilio-messaging-8183c 200
[debug] [2026-03-21T04:12:44.998Z] <<< [apiv2][body] GET https://cloudresourcemanager.googleapis.com/v1/projects/twilio-messaging-8183c {"projectNumber":"589640940481","projectId":"twilio-messaging-8183c","lifecycleState":"ACTIVE","name":"twilio-messaging","labels":{"firebase":"enabled","firebase-core":"disabled"},"createTime":"2026-01-18T18:31:33.807387Z"}
[debug] [2026-03-21T04:12:44.999Z] Checked if tokens are valid: true, expires at: 1774067573751
[debug] [2026-03-21T04:12:44.999Z] Checked if tokens are valid: true, expires at: 1774067573751
[debug] [2026-03-21T04:12:44.999Z] >>> [apiv2][query] GET https://compute.googleapis.com/compute/v1/projects/589640940481 [none]
[debug] [2026-03-21T04:12:45.695Z] <<< [apiv2][status] GET https://compute.googleapis.com/compute/v1/projects/589640940481 403
[debug] [2026-03-21T04:12:45.695Z] <<< [apiv2][body] GET https://compute.googleapis.com/compute/v1/projects/589640940481 {"error":{"code":403,"message":"Compute Engine API has not been used in project 589640940481 before or it is disabled. Enable it by visiting https://console.developers.google.com/apis/api/compute.googleapis.com/overview?project=589640940481 then retry. If you enabled this API recently, wait a few minutes for the action to propagate to our systems and retry.","errors":[{"message":"Compute Engine API has not been used in project 589640940481 before or it is disabled. Enable it by visiting https://console.developers.google.com/apis/api/compute.googleapis.com/overview?project=589640940481 then retry. If you enabled this API recently, wait a few minutes for the action to propagate to our systems and retry.","domain":"usageLimits","reason":"accessNotConfigured","extendedHelp":"https://console.developers.google.com"}],"status":"PERMISSION_DENIED","details":[{"@type":"type.googleapis.com/google.rpc.ErrorInfo","reason":"SERVICE_DISABLED","domain":"googleapis.com","metadata":{"activationUrl":"https://console.developers.google.com/apis/api/compute.googleapis.com/overview?project=589640940481","service":"compute.googleapis.com","consumer":"projects/589640940481","serviceTitle":"Compute Engine API","containerInfo":"589640940481"}},{"@type":"type.googleapis.com/google.rpc.LocalizedMessage","locale":"en-US","message":"Compute Engine API has not been used in project 589640940481 before or it is disabled. Enable it by visiting https://console.developers.google.com/apis/api/compute.googleapis.com/overview?project=589640940481 then retry. If you enabled this API recently, wait a few minutes for the action to propagate to our systems and retry."},{"@type":"type.googleapis.com/google.rpc.Help","links":[{"description":"Google developers console API activation","url":"https://console.developers.google.com/apis/api/compute.googleapis.com/overview?project=589640940481"}]}]}}
[debug] [2026-03-21T04:12:45.696Z] unable to look up default compute service account. Falling back to 589640940481-compute@developer.gserviceaccount.com. Error: {"name":"FirebaseError","children":[],"context":{"body":{"error":{"code":403,"message":"Compute Engine API has not been used in project 589640940481 before or it is disabled. Enable it by visiting https://console.developers.google.com/apis/api/compute.googleapis.com/overview?project=589640940481 then retry. If you enabled this API recently, wait a few minutes for the action to propagate to our systems and retry.","errors":[{"message":"Compute Engine API has not been used in project 589640940481 before or it is disabled. Enable it by visiting https://console.developers.google.com/apis/api/compute.googleapis.com/overview?project=589640940481 then retry. If you enabled this API recently, wait a few minutes for the action to propagate to our systems and retry.","domain":"usageLimits","reason":"accessNotConfigured","extendedHelp":"https://console.developers.google.com"}],"status":"PERMISSION_DENIED","details":[{"@type":"type.googleapis.com/google.rpc.ErrorInfo","reason":"SERVICE_DISABLED","domain":"googleapis.com","metadata":{"activationUrl":"https://console.developers.google.com/apis/api/compute.googleapis.com/overview?project=589640940481","service":"compute.googleapis.com","consumer":"projects/589640940481","serviceTitle":"Compute Engine API","containerInfo":"589640940481"}},{"@type":"type.googleapis.com/google.rpc.LocalizedMessage","locale":"en-US","message":"Compute Engine API has not been used in project 589640940481 before or it is disabled. Enable it by visiting https://console.developers.google.com/apis/api/compute.googleapis.com/overview?project=589640940481 then retry. If you enabled this API recently, wait a few minutes for the action to propagate to our systems and retry."},{"@type":"type.googleapis.com/google.rpc.Help","links":[{"description":"Google developers console API activation","url":"https://console.developers.google.com/apis/api/compute.googleapis.com/overview?project=589640940481"}]}]}},"response":{"statusCode":403}},"exit":1,"message":"Request to https://compute.googleapis.com/compute/v1/projects/589640940481 had HTTP Error: 403, Compute Engine API has not been used in project 589640940481 before or it is disabled. Enable it by visiting https://console.developers.google.com/apis/api/compute.googleapis.com/overview?project=589640940481 then retry. If you enabled this API recently, wait a few minutes for the action to propagate to our systems and retry.","status":403}
[info] i  functions: ensuring 589640940481-compute@developer.gserviceaccount.com access to secret TWILIO_CONVERSATIONS_SERVICE_SID. 
[debug] [2026-03-21T04:12:45.698Z] Checked if tokens are valid: true, expires at: 1774067573751
[debug] [2026-03-21T04:12:45.698Z] Checked if tokens are valid: true, expires at: 1774067573751
[info] i  functions: ensuring 589640940481-compute@developer.gserviceaccount.com access to secret TWILIO_IDENTITY. 
[debug] [2026-03-21T04:12:45.699Z] Checked if tokens are valid: true, expires at: 1774067573751
[debug] [2026-03-21T04:12:45.699Z] Checked if tokens are valid: true, expires at: 1774067573751
[debug] [2026-03-21T04:12:45.699Z] >>> [apiv2][query] GET https://secretmanager.googleapis.com/v1/projects/twilio-messaging-8183c/secrets/TWILIO_CONVERSATIONS_SERVICE_SID:getIamPolicy [none]
[debug] [2026-03-21T04:12:45.700Z] >>> [apiv2][query] GET https://secretmanager.googleapis.com/v1/projects/twilio-messaging-8183c/secrets/TWILIO_IDENTITY:getIamPolicy [none]
[debug] [2026-03-21T04:12:46.206Z] <<< [apiv2][status] GET https://secretmanager.googleapis.com/v1/projects/twilio-messaging-8183c/secrets/TWILIO_CONVERSATIONS_SERVICE_SID:getIamPolicy 200
[debug] [2026-03-21T04:12:46.206Z] <<< [apiv2][body] GET https://secretmanager.googleapis.com/v1/projects/twilio-messaging-8183c/secrets/TWILIO_CONVERSATIONS_SERVICE_SID:getIamPolicy {"etag":"ACAB"}
[debug] [2026-03-21T04:12:46.207Z] Checked if tokens are valid: true, expires at: 1774067573751
[debug] [2026-03-21T04:12:46.207Z] Checked if tokens are valid: true, expires at: 1774067573751
[debug] [2026-03-21T04:12:46.207Z] >>> [apiv2][query] POST https://secretmanager.googleapis.com/v1/projects/twilio-messaging-8183c/secrets/TWILIO_CONVERSATIONS_SERVICE_SID:setIamPolicy [none]
[debug] [2026-03-21T04:12:46.207Z] >>> [apiv2][body] POST https://secretmanager.googleapis.com/v1/projects/twilio-messaging-8183c/secrets/TWILIO_CONVERSATIONS_SERVICE_SID:setIamPolicy {"policy":{"bindings":[{"role":"roles/secretmanager.secretAccessor","members":["serviceAccount:589640940481-compute@developer.gserviceaccount.com"]}]},"updateMask":"bindings"}
[debug] [2026-03-21T04:12:46.210Z] <<< [apiv2][status] GET https://secretmanager.googleapis.com/v1/projects/twilio-messaging-8183c/secrets/TWILIO_IDENTITY:getIamPolicy 200
[debug] [2026-03-21T04:12:46.210Z] <<< [apiv2][body] GET https://secretmanager.googleapis.com/v1/projects/twilio-messaging-8183c/secrets/TWILIO_IDENTITY:getIamPolicy {"etag":"ACAB"}
[debug] [2026-03-21T04:12:46.210Z] Checked if tokens are valid: true, expires at: 1774067573751
[debug] [2026-03-21T04:12:46.210Z] Checked if tokens are valid: true, expires at: 1774067573751
[debug] [2026-03-21T04:12:46.210Z] >>> [apiv2][query] POST https://secretmanager.googleapis.com/v1/projects/twilio-messaging-8183c/secrets/TWILIO_IDENTITY:setIamPolicy [none]
[debug] [2026-03-21T04:12:46.210Z] >>> [apiv2][body] POST https://secretmanager.googleapis.com/v1/projects/twilio-messaging-8183c/secrets/TWILIO_IDENTITY:setIamPolicy {"policy":{"bindings":[{"role":"roles/secretmanager.secretAccessor","members":["serviceAccount:589640940481-compute@developer.gserviceaccount.com"]}]},"updateMask":"bindings"}
[debug] [2026-03-21T04:12:46.787Z] <<< [apiv2][status] POST https://secretmanager.googleapis.com/v1/projects/twilio-messaging-8183c/secrets/TWILIO_IDENTITY:setIamPolicy 200
[debug] [2026-03-21T04:12:46.788Z] <<< [apiv2][body] POST https://secretmanager.googleapis.com/v1/projects/twilio-messaging-8183c/secrets/TWILIO_IDENTITY:setIamPolicy {"version":1,"etag":"BwZNgQOTcoo=","bindings":[{"role":"roles/secretmanager.secretAccessor","members":["serviceAccount:589640940481-compute@developer.gserviceaccount.com"]}]}
[info] +  secretmanager: Granted roles/secretmanager.secretAccessor on projects/twilio-messaging-8183c/secrets/TWILIO_IDENTITY to 589640940481-compute@developer.gserviceaccount.com 
[info] +  functions: ensured 589640940481-compute@developer.gserviceaccount.com access to TWILIO_IDENTITY. 
[debug] [2026-03-21T04:12:46.789Z] <<< [apiv2][status] POST https://secretmanager.googleapis.com/v1/projects/twilio-messaging-8183c/secrets/TWILIO_CONVERSATIONS_SERVICE_SID:setIamPolicy 200
[debug] [2026-03-21T04:12:46.790Z] <<< [apiv2][body] POST https://secretmanager.googleapis.com/v1/projects/twilio-messaging-8183c/secrets/TWILIO_CONVERSATIONS_SERVICE_SID:setIamPolicy {"version":1,"etag":"BwZNgQOTe94=","bindings":[{"role":"roles/secretmanager.secretAccessor","members":["serviceAccount:589640940481-compute@developer.gserviceaccount.com"]}]}
[info] +  secretmanager: Granted roles/secretmanager.secretAccessor on projects/twilio-messaging-8183c/secrets/TWILIO_CONVERSATIONS_SERVICE_SID to 589640940481-compute@developer.gserviceaccount.com 
[info] +  functions: ensured 589640940481-compute@developer.gserviceaccount.com access to TWILIO_CONVERSATIONS_SERVICE_SID. 
[debug] [2026-03-21T04:12:46.796Z] Checked if tokens are valid: true, expires at: 1774067573751
[debug] [2026-03-21T04:12:46.796Z] Checked if tokens are valid: true, expires at: 1774067573751
[debug] [2026-03-21T04:12:46.796Z] >>> [apiv2][query] POST https://firebasehosting.googleapis.com/v1beta1/projects/-/sites/twilio-messaging-8183c/versions [none]
[debug] [2026-03-21T04:12:46.796Z] >>> [apiv2][body] POST https://firebasehosting.googleapis.com/v1beta1/projects/-/sites/twilio-messaging-8183c/versions {"status":"CREATED","labels":{"deployment-tool":"cli-firebase","firebase-web-framework":"angular"}}
[debug] [2026-03-21T04:12:48.775Z] <<< [apiv2][status] POST https://firebasehosting.googleapis.com/v1beta1/projects/-/sites/twilio-messaging-8183c/versions 200
[debug] [2026-03-21T04:12:48.775Z] <<< [apiv2][body] POST https://firebasehosting.googleapis.com/v1beta1/projects/-/sites/twilio-messaging-8183c/versions {"name":"projects/589640940481/sites/twilio-messaging-8183c/versions/cdd680b0fde2e2e1","status":"CREATED","config":{},"labels":{"firebase-web-framework":"angular","deployment-tool":"cli-firebase"}}
[debug] [2026-03-21T04:12:48.776Z] Checked if tokens are valid: true, expires at: 1774067573751
[debug] [2026-03-21T04:12:48.776Z] Checked if tokens are valid: true, expires at: 1774067573751
[debug] [2026-03-21T04:12:48.776Z] >>> [apiv2][query] GET https://cloudbilling.googleapis.com/v1/projects/twilio-messaging-8183c/billingInfo [none]
[debug] [2026-03-21T04:12:50.489Z] <<< [apiv2][status] GET https://cloudbilling.googleapis.com/v1/projects/twilio-messaging-8183c/billingInfo 200
[debug] [2026-03-21T04:12:50.489Z] <<< [apiv2][body] GET https://cloudbilling.googleapis.com/v1/projects/twilio-messaging-8183c/billingInfo {"name":"projects/twilio-messaging-8183c/billingInfo","projectId":"twilio-messaging-8183c","billingAccountName":"billingAccounts/0191BB-C5BCE9-17BBD2","billingEnabled":true}
[debug] [2026-03-21T04:12:50.492Z] Checked if tokens are valid: true, expires at: 1774067573751
[debug] [2026-03-21T04:12:50.492Z] Checked if tokens are valid: true, expires at: 1774067573751
[debug] [2026-03-21T04:12:50.492Z] >>> [apiv2][query] POST https://cloudfunctions.googleapis.com/v2/projects/twilio-messaging-8183c/locations/us-central1/functions:generateUploadUrl [none]
[debug] [2026-03-21T04:12:52.215Z] <<< [apiv2][status] POST https://cloudfunctions.googleapis.com/v2/projects/twilio-messaging-8183c/locations/us-central1/functions:generateUploadUrl 200
[debug] [2026-03-21T04:12:52.215Z] <<< [apiv2][body] POST https://cloudfunctions.googleapis.com/v2/projects/twilio-messaging-8183c/locations/us-central1/functions:generateUploadUrl {"uploadUrl":"https://storage.googleapis.com/gcf-v2-uploads-589640940481.us-central1.cloudfunctions.appspot.com/a27ce3f7-2841-4a4e-a72c-3873f8f91682.zip?GoogleAccessId=service-589640940481@gcf-admin-robot.iam.gserviceaccount.com&Expires=1774068171&Signature=YAf87%2Be8epF4WBbOdhegBqXmbbulSfAiRPTPbHkYHQnGubX9U%2B%2B4S%2BJPNlKJqyee9gixHqIS9QQS3HExf4fm4rs%2BXjs2ZX5uTyq7cQ9nYKtgkUE3IsxMn0t3N8Bm38Pdi4LYlHiZv4zRQ9b6Q5ydE4hDzIAeraOwjILU%2Bj0RK9Iehn0iewba6ZMEAXmt%2B8abwBd3%2BKYNQ8%2BfkOHlbJj3stoZ2b88%2FoNjLjet0nXTp1cCXdrN8ee05sbSmM949R30jU8er4p6GghWvQmdtW0zi4ncfqVP20AVO4Iq1nNMJxZM5vagOiqDv0DY7w86VPU0PaClCnpX1p7h79lI7OLHRw%3D%3D","storageSource":{"bucket":"gcf-v2-uploads-589640940481.us-central1.cloudfunctions.appspot.com","object":"a27ce3f7-2841-4a4e-a72c-3873f8f91682.zip"}}
[debug] [2026-03-21T04:12:52.217Z] >>> [apiv2][query] PUT https://storage.googleapis.com/gcf-v2-uploads-589640940481.us-central1.cloudfunctions.appspot.com/a27ce3f7-2841-4a4e-a72c-3873f8f91682.zip GoogleAccessId=service-589640940481%40gcf-admin-robot.iam.gserviceaccount.com&Expires=1774068171&Signature=YAf87%2Be8epF4WBbOdhegBqXmbbulSfAiRPTPbHkYHQnGubX9U%2B%2B4S%2BJPNlKJqyee9gixHqIS9QQS3HExf4fm4rs%2BXjs2ZX5uTyq7cQ9nYKtgkUE3IsxMn0t3N8Bm38Pdi4LYlHiZv4zRQ9b6Q5ydE4hDzIAeraOwjILU%2Bj0RK9Iehn0iewba6ZMEAXmt%2B8abwBd3%2BKYNQ8%2BfkOHlbJj3stoZ2b88%2FoNjLjet0nXTp1cCXdrN8ee05sbSmM949R30jU8er4p6GghWvQmdtW0zi4ncfqVP20AVO4Iq1nNMJxZM5vagOiqDv0DY7w86VPU0PaClCnpX1p7h79lI7OLHRw%3D%3D
[debug] [2026-03-21T04:12:52.217Z] >>> [apiv2][body] PUT https://storage.googleapis.com/gcf-v2-uploads-589640940481.us-central1.cloudfunctions.appspot.com/a27ce3f7-2841-4a4e-a72c-3873f8f91682.zip [stream]
[debug] [2026-03-21T04:12:53.252Z] <<< [apiv2][status] PUT https://storage.googleapis.com/gcf-v2-uploads-589640940481.us-central1.cloudfunctions.appspot.com/a27ce3f7-2841-4a4e-a72c-3873f8f91682.zip 200
[debug] [2026-03-21T04:12:53.252Z] <<< [apiv2][body] PUT https://storage.googleapis.com/gcf-v2-uploads-589640940481.us-central1.cloudfunctions.appspot.com/a27ce3f7-2841-4a4e-a72c-3873f8f91682.zip [omitted]
[info] +  functions: functions source uploaded successfully 
[info] i  hosting[twilio-messaging-8183c]: beginning deploy... 
[info] i  hosting[twilio-messaging-8183c]: found 4 files in .firebase\twilio-messaging-8183c\hosting 
[debug] [2026-03-21T04:12:53.276Z] [hosting] uploading with 200 concurrency
[debug] [2026-03-21T04:12:53.392Z] Checked if tokens are valid: true, expires at: 1774067573751
[debug] [2026-03-21T04:12:53.392Z] Checked if tokens are valid: true, expires at: 1774067573751
[debug] [2026-03-21T04:12:53.394Z] [hosting] hash cache [LmZpcmViYXNlXHR3aWxpby1tZXNzYWdpbmctODE4M2NcaG9zdGluZw] stored for 4 files
[debug] [2026-03-21T04:12:53.394Z] [hosting][hash queue][FINAL] {"max":109,"min":0,"avg":30.5,"active":0,"complete":4,"success":4,"errored":0,"retried":0,"total":4,"elapsed":114}
[debug] [2026-03-21T04:12:53.395Z] >>> [apiv2][query] POST https://firebasehosting.googleapis.com/v1beta1/projects/589640940481/sites/twilio-messaging-8183c/versions/cdd680b0fde2e2e1:populateFiles [none]
[debug] [2026-03-21T04:12:53.395Z] >>> [apiv2][body] POST https://firebasehosting.googleapis.com/v1beta1/projects/589640940481/sites/twilio-messaging-8183c/versions/cdd680b0fde2e2e1:populateFiles {"files":{"/favicon.ico":"f8d9df800cc0626ec11e47fb03427899a610a1427d9a724144c5ea1dc7f8d044","/index.html":"2f8c3d5ab4efcf5b1aa4c7c865d92aacdea3c2ffc48af5d646fba2c975afd96f","/styles-BI4JYVG3.css":"2409a25ad88dc34ef545649b194762e24a5f2be62489cd4eb5527f9c0328897d","/main-5WKHMVP2.js":"72758f7df4e656c6012e3079790c9a1e95cf9690aa6563e5b1c597745e9e95bb"}}
[debug] [2026-03-21T04:12:54.454Z] <<< [apiv2][status] POST https://firebasehosting.googleapis.com/v1beta1/projects/589640940481/sites/twilio-messaging-8183c/versions/cdd680b0fde2e2e1:populateFiles 200
[debug] [2026-03-21T04:12:54.455Z] <<< [apiv2][body] POST https://firebasehosting.googleapis.com/v1beta1/projects/589640940481/sites/twilio-messaging-8183c/versions/cdd680b0fde2e2e1:populateFiles {"uploadUrl":"https://upload-firebasehosting.googleapis.com/upload/sites/twilio-messaging-8183c/versions/cdd680b0fde2e2e1/files"}
[debug] [2026-03-21T04:12:54.455Z] [hosting][populate queue][FINAL] {"max":1063,"min":1063,"avg":1063,"active":0,"complete":1,"success":1,"errored":0,"retried":0,"total":1,"elapsed":1063}
[debug] [2026-03-21T04:12:54.456Z] [hosting] uploads queued: 0
[debug] [2026-03-21T04:12:54.456Z] [hosting][upload queue][FINAL] {"max":0,"min":9999999999,"avg":0,"active":0,"complete":0,"success":0,"errored":0,"retried":0,"total":0,"elapsed":1774066374456}
[info] +  hosting[twilio-messaging-8183c]: file upload complete 
[debug] [2026-03-21T04:12:54.457Z] [hosting] deploy completed after 1200ms
[info] i  functions: updating Node.js 24 (2nd Gen) function api(us-central1)... 
[debug] [2026-03-21T04:12:54.465Z] Checked if tokens are valid: true, expires at: 1774067573751
[debug] [2026-03-21T04:12:54.465Z] Checked if tokens are valid: true, expires at: 1774067573751
[debug] [2026-03-21T04:12:54.465Z] >>> [apiv2][query] PATCH https://cloudfunctions.googleapis.com/v2/projects/twilio-messaging-8183c/locations/us-central1/functions/api updateMask=name%2CbuildConfig.runtime%2CbuildConfig.entryPoint%2CbuildConfig.source.storageSource.bucket%2CbuildConfig.source.storageSource.object%2CbuildConfig.environmentVariables%2CbuildConfig.sourceToken%2CserviceConfig.environmentVariables%2CserviceConfig.secretEnvironmentVariables%2CserviceConfig.ingressSettings%2CserviceConfig.timeoutSeconds%2CserviceConfig.serviceAccountEmail%2CserviceConfig.availableMemory%2CserviceConfig.minInstanceCount%2CserviceConfig.maxInstanceCount%2CserviceConfig.maxInstanceRequestConcurrency%2CserviceConfig.availableCpu%2CserviceConfig.vpcConnector%2CserviceConfig.vpcConnectorEgressSettings%2Clabels
[debug] [2026-03-21T04:12:54.466Z] >>> [apiv2][body] PATCH https://cloudfunctions.googleapis.com/v2/projects/twilio-messaging-8183c/locations/us-central1/functions/api {"name":"projects/twilio-messaging-8183c/locations/us-central1/functions/api","buildConfig":{"runtime":"nodejs24","entryPoint":"api","source":{"storageSource":{"bucket":"gcf-v2-uploads-589640940481.us-central1.cloudfunctions.appspot.com","object":"a27ce3f7-2841-4a4e-a72c-3873f8f91682.zip"}},"environmentVariables":{"GOOGLE_NODE_RUN_SCRIPTS":""}},"serviceConfig":{"environmentVariables":{"FIREBASE_CONFIG":"{\"projectId\":\"twilio-messaging-8183c\",\"storageBucket\":\"twilio-messaging-8183c.firebasestorage.app\"}","GCLOUD_PROJECT":"twilio-messaging-8183c","EVENTARC_CLOUD_EVENT_SOURCE":"projects/twilio-messaging-8183c/locations/us-central1/services/api","FUNCTION_TARGET":"api","LOG_EXECUTION_ID":"true"},"secretEnvironmentVariables":[{"key":"TWILIO_ACCOUNT_ID","secret":"TWILIO_ACCOUNT_ID","projectId":"twilio-messaging-8183c","version":"1"},{"key":"TWILIO_AUTH_TOKEN","secret":"TWILIO_AUTH_TOKEN","projectId":"twilio-messaging-8183c","version":"1"},{"key":"TWILIO_API_KEY","secret":"TWILIO_API_KEY","projectId":"twilio-messaging-8183c","version":"1"},{"key":"TWILIO_API_SECRET","secret":"TWILIO_API_SECRET","projectId":"twilio-messaging-8183c","version":"1"},{"key":"TWILIO_APP_SID","secret":"TWILIO_APP_SID","projectId":"twilio-messaging-8183c","version":"1"},{"key":"TWILIO_PHONE","secret":"TWILIO_PHONE","projectId":"twilio-messaging-8183c","version":"1"},{"key":"AIRTABLE_TOKEN","secret":"AIRTABLE_TOKEN","projectId":"twilio-messaging-8183c","version":"1"},{"key":"AIRTABLE_BASE_ID","secret":"AIRTABLE_BASE_ID","projectId":"twilio-messaging-8183c","version":"1"},{"key":"AIRTABLE_TABLE_ID","secret":"AIRTABLE_TABLE_ID","projectId":"twilio-messaging-8183c","version":"1"},{"key":"TWILIO_CONVERSATIONS_SERVICE_SID","secret":"TWILIO_CONVERSATIONS_SERVICE_SID","projectId":"twilio-messaging-8183c","version":"1"},{"key":"TWILIO_IDENTITY","secret":"TWILIO_IDENTITY","projectId":"twilio-messaging-8183c","version":"1"}],"ingressSettings":null,"timeoutSeconds":null,"serviceAccountEmail":null,"availableMemory":"256Mi","minInstanceCount":null,"maxInstanceCount":10,"maxInstanceRequestConcurrency":80,"availableCpu":"1","vpcConnector":null,"vpcConnectorEgressSettings":null},"labels":{"deployment-tool":"cli-firebase","firebase-functions-hash":"1da30e41dbfc1be126e8e0319887131a15a212db"}}
[debug] [2026-03-21T04:12:56.859Z] <<< [apiv2][status] PATCH https://cloudfunctions.googleapis.com/v2/projects/twilio-messaging-8183c/locations/us-central1/functions/api 200
[debug] [2026-03-21T04:12:56.860Z] <<< [apiv2][body] PATCH https://cloudfunctions.googleapis.com/v2/projects/twilio-messaging-8183c/locations/us-central1/functions/api {"name":"projects/twilio-messaging-8183c/locations/us-central1/operations/operation-1774066375421-64d81041d6f04-c30a6119-6b35a48a","metadata":{"@type":"type.googleapis.com/google.cloud.functions.v2.OperationMetadata","createTime":"2026-03-21T04:12:56.373681002Z","target":"projects/twilio-messaging-8183c/locations/us-central1/functions/api","verb":"update","cancelRequested":false,"apiVersion":"v2"},"done":false}
[debug] [2026-03-21T04:12:56.861Z] Checked if tokens are valid: true, expires at: 1774067573751
[debug] [2026-03-21T04:12:56.861Z] Checked if tokens are valid: true, expires at: 1774067573751
[debug] [2026-03-21T04:12:56.861Z] >>> [apiv2][query] GET https://cloudfunctions.googleapis.com/v2/projects/twilio-messaging-8183c/locations/us-central1/operations/operation-1774066375421-64d81041d6f04-c30a6119-6b35a48a [none]
[debug] [2026-03-21T04:12:58.337Z] <<< [apiv2][status] GET https://cloudfunctions.googleapis.com/v2/projects/twilio-messaging-8183c/locations/us-central1/operations/operation-1774066375421-64d81041d6f04-c30a6119-6b35a48a 200
[debug] [2026-03-21T04:12:58.337Z] <<< [apiv2][body] GET https://cloudfunctions.googleapis.com/v2/projects/twilio-messaging-8183c/locations/us-central1/operations/operation-1774066375421-64d81041d6f04-c30a6119-6b35a48a {"name":"projects/twilio-messaging-8183c/locations/us-central1/operations/operation-1774066375421-64d81041d6f04-c30a6119-6b35a48a","metadata":{"@type":"type.googleapis.com/google.cloud.functions.v2.OperationMetadata","createTime":"2026-03-21T04:12:56.373681002Z","target":"projects/twilio-messaging-8183c/locations/us-central1/functions/api","verb":"update","cancelRequested":false,"apiVersion":"v2","requestResource":{"@type":"type.googleapis.com/google.cloud.functions.v2.Function","name":"projects/twilio-messaging-8183c/locations/us-central1/functions/api","buildConfig":{"runtime":"nodejs24","entryPoint":"api","source":{"storageSource":{"bucket":"gcf-v2-sources-589640940481-us-central1","object":"api/function-source.zip","generation":"1774066376310041"}},"environmentVariables":{"GOOGLE_NODE_RUN_SCRIPTS":""},"dockerRepository":"projects/twilio-messaging-8183c/locations/us-central1/repositories/gcf-artifacts","sourceProvenance":{"resolvedStorageSource":{"bucket":"gcf-v2-sources-589640940481-us-central1","object":"api/function-source.zip","generation":"1769364826425673"}},"dockerRegistry":"ARTIFACT_REGISTRY","serviceAccount":"projects/twilio-messaging-8183c/serviceAccounts/589640940481-compute@developer.gserviceaccount.com","automaticUpdatePolicy":{}},"serviceConfig":{"service":"projects/twilio-messaging-8183c/locations/us-central1/services/api","timeoutSeconds":60,"environmentVariables":{"FIREBASE_CONFIG":"{\"projectId\":\"twilio-messaging-8183c\",\"storageBucket\":\"twilio-messaging-8183c.firebasestorage.app\"}","GCLOUD_PROJECT":"twilio-messaging-8183c","EVENTARC_CLOUD_EVENT_SOURCE":"projects/twilio-messaging-8183c/locations/us-central1/services/api","FUNCTION_TARGET":"api","LOG_EXECUTION_ID":"true"},"maxInstanceCount":10,"ingressSettings":"ALLOW_ALL","uri":"https://api-4igjg5oowa-uc.a.run.app","serviceAccountEmail":"589640940481-compute@developer.gserviceaccount.com","availableMemory":"256Mi","allTrafficOnLatestRevision":true,"secretEnvironmentVariables":[{"key":"TWILIO_ACCOUNT_ID","projectId":"twilio-messaging-8183c","secret":"TWILIO_ACCOUNT_ID","version":"1"},{"key":"TWILIO_AUTH_TOKEN","projectId":"twilio-messaging-8183c","secret":"TWILIO_AUTH_TOKEN","version":"1"},{"key":"TWILIO_API_KEY","projectId":"twilio-messaging-8183c","secret":"TWILIO_API_KEY","version":"1"},{"key":"TWILIO_API_SECRET","projectId":"twilio-messaging-8183c","secret":"TWILIO_API_SECRET","version":"1"},{"key":"TWILIO_APP_SID","projectId":"twilio-messaging-8183c","secret":"TWILIO_APP_SID","version":"1"},{"key":"TWILIO_PHONE","projectId":"twilio-messaging-8183c","secret":"TWILIO_PHONE","version":"1"},{"key":"AIRTABLE_TOKEN","projectId":"twilio-messaging-8183c","secret":"AIRTABLE_TOKEN","version":"1"},{"key":"AIRTABLE_BASE_ID","projectId":"twilio-messaging-8183c","secret":"AIRTABLE_BASE_ID","version":"1"},{"key":"AIRTABLE_TABLE_ID","projectId":"twilio-messaging-8183c","secret":"AIRTABLE_TABLE_ID","version":"1"},{"key":"TWILIO_CONVERSATIONS_SERVICE_SID","projectId":"twilio-messaging-8183c","secret":"TWILIO_CONVERSATIONS_SERVICE_SID","version":"1"},{"key":"TWILIO_IDENTITY","projectId":"twilio-messaging-8183c","secret":"TWILIO_IDENTITY","version":"1"}],"revision":"api-00013-vaw","maxInstanceRequestConcurrency":80,"availableCpu":"1"},"state":"ACTIVE","labels":{"deployment-tool":"cloud-console","firebase-functions-hash":"1da30e41dbfc1be126e8e0319887131a15a212db"},"environment":"GEN_2","url":"https://us-central1-twilio-messaging-8183c.cloudfunctions.net/api","satisfiesPzi":true},"stages":[{"name":"BUILD","message":"Build in progress","state":"IN_PROGRESS","resource":"projects/589640940481/locations/us-central1/builds/8e8d5ae5-6f78-4e4d-a95c-4f4d209be95c","resourceUri":"https://console.cloud.google.com/cloud-build/builds;region=us-central1/8e8d5ae5-6f78-4e4d-a95c-4f4d209be95c?project=589640940481"},{"name":"SERVICE","state":"NOT_STARTED"}],"operationType":"UPDATE_FUNCTION","buildName":"projects/589640940481/locations/us-central1/builds/8e8d5ae5-6f78-4e4d-a95c-4f4d209be95c"},"done":false}
[debug] [2026-03-21T04:12:58.848Z] [update-default-us-central1-api] Retrying task index 0
[debug] [2026-03-21T04:12:58.848Z] Checked if tokens are valid: true, expires at: 1774067573751
[debug] [2026-03-21T04:12:58.848Z] Checked if tokens are valid: true, expires at: 1774067573751
[debug] [2026-03-21T04:12:58.848Z] >>> [apiv2][query] GET https://cloudfunctions.googleapis.com/v2/projects/twilio-messaging-8183c/locations/us-central1/operations/operation-1774066375421-64d81041d6f04-c30a6119-6b35a48a [none]
[debug] [2026-03-21T04:13:00.313Z] <<< [apiv2][status] GET https://cloudfunctions.googleapis.com/v2/projects/twilio-messaging-8183c/locations/us-central1/operations/operation-1774066375421-64d81041d6f04-c30a6119-6b35a48a 200
[debug] [2026-03-21T04:13:00.313Z] <<< [apiv2][body] GET https://cloudfunctions.googleapis.com/v2/projects/twilio-messaging-8183c/locations/us-central1/operations/operation-1774066375421-64d81041d6f04-c30a6119-6b35a48a {"name":"projects/twilio-messaging-8183c/locations/us-central1/operations/operation-1774066375421-64d81041d6f04-c30a6119-6b35a48a","metadata":{"@type":"type.googleapis.com/google.cloud.functions.v2.OperationMetadata","createTime":"2026-03-21T04:12:56.373681002Z","target":"projects/twilio-messaging-8183c/locations/us-central1/functions/api","verb":"update","cancelRequested":false,"apiVersion":"v2","requestResource":{"@type":"type.googleapis.com/google.cloud.functions.v2.Function","name":"projects/twilio-messaging-8183c/locations/us-central1/functions/api","buildConfig":{"runtime":"nodejs24","entryPoint":"api","source":{"storageSource":{"bucket":"gcf-v2-sources-589640940481-us-central1","object":"api/function-source.zip","generation":"1774066376310041"}},"environmentVariables":{"GOOGLE_NODE_RUN_SCRIPTS":""},"dockerRepository":"projects/twilio-messaging-8183c/locations/us-central1/repositories/gcf-artifacts","sourceProvenance":{"resolvedStorageSource":{"bucket":"gcf-v2-sources-589640940481-us-central1","object":"api/function-source.zip","generation":"1769364826425673"}},"dockerRegistry":"ARTIFACT_REGISTRY","serviceAccount":"projects/twilio-messaging-8183c/serviceAccounts/589640940481-compute@developer.gserviceaccount.com","automaticUpdatePolicy":{}},"serviceConfig":{"service":"projects/twilio-messaging-8183c/locations/us-central1/services/api","timeoutSeconds":60,"environmentVariables":{"FIREBASE_CONFIG":"{\"projectId\":\"twilio-messaging-8183c\",\"storageBucket\":\"twilio-messaging-8183c.firebasestorage.app\"}","GCLOUD_PROJECT":"twilio-messaging-8183c","EVENTARC_CLOUD_EVENT_SOURCE":"projects/twilio-messaging-8183c/locations/us-central1/services/api","FUNCTION_TARGET":"api","LOG_EXECUTION_ID":"true"},"maxInstanceCount":10,"ingressSettings":"ALLOW_ALL","uri":"https://api-4igjg5oowa-uc.a.run.app","serviceAccountEmail":"589640940481-compute@developer.gserviceaccount.com","availableMemory":"256Mi","allTrafficOnLatestRevision":true,"secretEnvironmentVariables":[{"key":"TWILIO_ACCOUNT_ID","projectId":"twilio-messaging-8183c","secret":"TWILIO_ACCOUNT_ID","version":"1"},{"key":"TWILIO_AUTH_TOKEN","projectId":"twilio-messaging-8183c","secret":"TWILIO_AUTH_TOKEN","version":"1"},{"key":"TWILIO_API_KEY","projectId":"twilio-messaging-8183c","secret":"TWILIO_API_KEY","version":"1"},{"key":"TWILIO_API_SECRET","projectId":"twilio-messaging-8183c","secret":"TWILIO_API_SECRET","version":"1"},{"key":"TWILIO_APP_SID","projectId":"twilio-messaging-8183c","secret":"TWILIO_APP_SID","version":"1"},{"key":"TWILIO_PHONE","projectId":"twilio-messaging-8183c","secret":"TWILIO_PHONE","version":"1"},{"key":"AIRTABLE_TOKEN","projectId":"twilio-messaging-8183c","secret":"AIRTABLE_TOKEN","version":"1"},{"key":"AIRTABLE_BASE_ID","projectId":"twilio-messaging-8183c","secret":"AIRTABLE_BASE_ID","version":"1"},{"key":"AIRTABLE_TABLE_ID","projectId":"twilio-messaging-8183c","secret":"AIRTABLE_TABLE_ID","version":"1"},{"key":"TWILIO_CONVERSATIONS_SERVICE_SID","projectId":"twilio-messaging-8183c","secret":"TWILIO_CONVERSATIONS_SERVICE_SID","version":"1"},{"key":"TWILIO_IDENTITY","projectId":"twilio-messaging-8183c","secret":"TWILIO_IDENTITY","version":"1"}],"revision":"api-00013-vaw","maxInstanceRequestConcurrency":80,"availableCpu":"1"},"state":"ACTIVE","labels":{"deployment-tool":"cloud-console","firebase-functions-hash":"1da30e41dbfc1be126e8e0319887131a15a212db"},"environment":"GEN_2","url":"https://us-central1-twilio-messaging-8183c.cloudfunctions.net/api","satisfiesPzi":true},"stages":[{"name":"BUILD","message":"Build in progress","state":"IN_PROGRESS","resource":"projects/589640940481/locations/us-central1/builds/8e8d5ae5-6f78-4e4d-a95c-4f4d209be95c","resourceUri":"https://console.cloud.google.com/cloud-build/builds;region=us-central1/8e8d5ae5-6f78-4e4d-a95c-4f4d209be95c?project=589640940481"},{"name":"SERVICE","state":"NOT_STARTED"}],"operationType":"UPDATE_FUNCTION","buildName":"projects/589640940481/locations/us-central1/builds/8e8d5ae5-6f78-4e4d-a95c-4f4d209be95c"},"done":false}
[debug] [2026-03-21T04:13:01.317Z] [update-default-us-central1-api] Retrying task index 0
[debug] [2026-03-21T04:13:01.318Z] Checked if tokens are valid: true, expires at: 1774067573751
[debug] [2026-03-21T04:13:01.318Z] Checked if tokens are valid: true, expires at: 1774067573751
[debug] [2026-03-21T04:13:01.318Z] >>> [apiv2][query] GET https://cloudfunctions.googleapis.com/v2/projects/twilio-messaging-8183c/locations/us-central1/operations/operation-1774066375421-64d81041d6f04-c30a6119-6b35a48a [none]
[debug] [2026-03-21T04:13:01.824Z] <<< [apiv2][status] GET https://cloudfunctions.googleapis.com/v2/projects/twilio-messaging-8183c/locations/us-central1/operations/operation-1774066375421-64d81041d6f04-c30a6119-6b35a48a 200
[debug] [2026-03-21T04:13:01.824Z] <<< [apiv2][body] GET https://cloudfunctions.googleapis.com/v2/projects/twilio-messaging-8183c/locations/us-central1/operations/operation-1774066375421-64d81041d6f04-c30a6119-6b35a48a {"name":"projects/twilio-messaging-8183c/locations/us-central1/operations/operation-1774066375421-64d81041d6f04-c30a6119-6b35a48a","metadata":{"@type":"type.googleapis.com/google.cloud.functions.v2.OperationMetadata","createTime":"2026-03-21T04:12:56.373681002Z","target":"projects/twilio-messaging-8183c/locations/us-central1/functions/api","verb":"update","cancelRequested":false,"apiVersion":"v2","requestResource":{"@type":"type.googleapis.com/google.cloud.functions.v2.Function","name":"projects/twilio-messaging-8183c/locations/us-central1/functions/api","buildConfig":{"runtime":"nodejs24","entryPoint":"api","source":{"storageSource":{"bucket":"gcf-v2-sources-589640940481-us-central1","object":"api/function-source.zip","generation":"1774066376310041"}},"environmentVariables":{"GOOGLE_NODE_RUN_SCRIPTS":""},"dockerRepository":"projects/twilio-messaging-8183c/locations/us-central1/repositories/gcf-artifacts","sourceProvenance":{"resolvedStorageSource":{"bucket":"gcf-v2-sources-589640940481-us-central1","object":"api/function-source.zip","generation":"1769364826425673"}},"dockerRegistry":"ARTIFACT_REGISTRY","serviceAccount":"projects/twilio-messaging-8183c/serviceAccounts/589640940481-compute@developer.gserviceaccount.com","automaticUpdatePolicy":{}},"serviceConfig":{"service":"projects/twilio-messaging-8183c/locations/us-central1/services/api","timeoutSeconds":60,"environmentVariables":{"FIREBASE_CONFIG":"{\"projectId\":\"twilio-messaging-8183c\",\"storageBucket\":\"twilio-messaging-8183c.firebasestorage.app\"}","GCLOUD_PROJECT":"twilio-messaging-8183c","EVENTARC_CLOUD_EVENT_SOURCE":"projects/twilio-messaging-8183c/locations/us-central1/services/api","FUNCTION_TARGET":"api","LOG_EXECUTION_ID":"true"},"maxInstanceCount":10,"ingressSettings":"ALLOW_ALL","uri":"https://api-4igjg5oowa-uc.a.run.app","serviceAccountEmail":"589640940481-compute@developer.gserviceaccount.com","availableMemory":"256Mi","allTrafficOnLatestRevision":true,"secretEnvironmentVariables":[{"key":"TWILIO_ACCOUNT_ID","projectId":"twilio-messaging-8183c","secret":"TWILIO_ACCOUNT_ID","version":"1"},{"key":"TWILIO_AUTH_TOKEN","projectId":"twilio-messaging-8183c","secret":"TWILIO_AUTH_TOKEN","version":"1"},{"key":"TWILIO_API_KEY","projectId":"twilio-messaging-8183c","secret":"TWILIO_API_KEY","version":"1"},{"key":"TWILIO_API_SECRET","projectId":"twilio-messaging-8183c","secret":"TWILIO_API_SECRET","version":"1"},{"key":"TWILIO_APP_SID","projectId":"twilio-messaging-8183c","secret":"TWILIO_APP_SID","version":"1"},{"key":"TWILIO_PHONE","projectId":"twilio-messaging-8183c","secret":"TWILIO_PHONE","version":"1"},{"key":"AIRTABLE_TOKEN","projectId":"twilio-messaging-8183c","secret":"AIRTABLE_TOKEN","version":"1"},{"key":"AIRTABLE_BASE_ID","projectId":"twilio-messaging-8183c","secret":"AIRTABLE_BASE_ID","version":"1"},{"key":"AIRTABLE_TABLE_ID","projectId":"twilio-messaging-8183c","secret":"AIRTABLE_TABLE_ID","version":"1"},{"key":"TWILIO_CONVERSATIONS_SERVICE_SID","projectId":"twilio-messaging-8183c","secret":"TWILIO_CONVERSATIONS_SERVICE_SID","version":"1"},{"key":"TWILIO_IDENTITY","projectId":"twilio-messaging-8183c","secret":"TWILIO_IDENTITY","version":"1"}],"revision":"api-00013-vaw","maxInstanceRequestConcurrency":80,"availableCpu":"1"},"state":"ACTIVE","labels":{"deployment-tool":"cloud-console","firebase-functions-hash":"1da30e41dbfc1be126e8e0319887131a15a212db"},"environment":"GEN_2","url":"https://us-central1-twilio-messaging-8183c.cloudfunctions.net/api","satisfiesPzi":true},"stages":[{"name":"BUILD","message":"Build in progress","state":"IN_PROGRESS","resource":"projects/589640940481/locations/us-central1/builds/8e8d5ae5-6f78-4e4d-a95c-4f4d209be95c","resourceUri":"https://console.cloud.google.com/cloud-build/builds;region=us-central1/8e8d5ae5-6f78-4e4d-a95c-4f4d209be95c?project=589640940481"},{"name":"SERVICE","state":"NOT_STARTED"}],"operationType":"UPDATE_FUNCTION","buildName":"projects/589640940481/locations/us-central1/builds/8e8d5ae5-6f78-4e4d-a95c-4f4d209be95c"},"done":false}
[debug] [2026-03-21T04:13:03.835Z] [update-default-us-central1-api] Retrying task index 0
[debug] [2026-03-21T04:13:03.835Z] Checked if tokens are valid: true, expires at: 1774067573751
[debug] [2026-03-21T04:13:03.835Z] Checked if tokens are valid: true, expires at: 1774067573751
[debug] [2026-03-21T04:13:03.836Z] >>> [apiv2][query] GET https://cloudfunctions.googleapis.com/v2/projects/twilio-messaging-8183c/locations/us-central1/operations/operation-1774066375421-64d81041d6f04-c30a6119-6b35a48a [none]
[debug] [2026-03-21T04:13:04.314Z] <<< [apiv2][status] GET https://cloudfunctions.googleapis.com/v2/projects/twilio-messaging-8183c/locations/us-central1/operations/operation-1774066375421-64d81041d6f04-c30a6119-6b35a48a 200
[debug] [2026-03-21T04:13:04.314Z] <<< [apiv2][body] GET https://cloudfunctions.googleapis.com/v2/projects/twilio-messaging-8183c/locations/us-central1/operations/operation-1774066375421-64d81041d6f04-c30a6119-6b35a48a {"name":"projects/twilio-messaging-8183c/locations/us-central1/operations/operation-1774066375421-64d81041d6f04-c30a6119-6b35a48a","metadata":{"@type":"type.googleapis.com/google.cloud.functions.v2.OperationMetadata","createTime":"2026-03-21T04:12:56.373681002Z","target":"projects/twilio-messaging-8183c/locations/us-central1/functions/api","verb":"update","cancelRequested":false,"apiVersion":"v2","requestResource":{"@type":"type.googleapis.com/google.cloud.functions.v2.Function","name":"projects/twilio-messaging-8183c/locations/us-central1/functions/api","buildConfig":{"runtime":"nodejs24","entryPoint":"api","source":{"storageSource":{"bucket":"gcf-v2-sources-589640940481-us-central1","object":"api/function-source.zip","generation":"1774066376310041"}},"environmentVariables":{"GOOGLE_NODE_RUN_SCRIPTS":""},"dockerRepository":"projects/twilio-messaging-8183c/locations/us-central1/repositories/gcf-artifacts","sourceProvenance":{"resolvedStorageSource":{"bucket":"gcf-v2-sources-589640940481-us-central1","object":"api/function-source.zip","generation":"1769364826425673"}},"dockerRegistry":"ARTIFACT_REGISTRY","serviceAccount":"projects/twilio-messaging-8183c/serviceAccounts/589640940481-compute@developer.gserviceaccount.com","automaticUpdatePolicy":{}},"serviceConfig":{"service":"projects/twilio-messaging-8183c/locations/us-central1/services/api","timeoutSeconds":60,"environmentVariables":{"FIREBASE_CONFIG":"{\"projectId\":\"twilio-messaging-8183c\",\"storageBucket\":\"twilio-messaging-8183c.firebasestorage.app\"}","GCLOUD_PROJECT":"twilio-messaging-8183c","EVENTARC_CLOUD_EVENT_SOURCE":"projects/twilio-messaging-8183c/locations/us-central1/services/api","FUNCTION_TARGET":"api","LOG_EXECUTION_ID":"true"},"maxInstanceCount":10,"ingressSettings":"ALLOW_ALL","uri":"https://api-4igjg5oowa-uc.a.run.app","serviceAccountEmail":"589640940481-compute@developer.gserviceaccount.com","availableMemory":"256Mi","allTrafficOnLatestRevision":true,"secretEnvironmentVariables":[{"key":"TWILIO_ACCOUNT_ID","projectId":"twilio-messaging-8183c","secret":"TWILIO_ACCOUNT_ID","version":"1"},{"key":"TWILIO_AUTH_TOKEN","projectId":"twilio-messaging-8183c","secret":"TWILIO_AUTH_TOKEN","version":"1"},{"key":"TWILIO_API_KEY","projectId":"twilio-messaging-8183c","secret":"TWILIO_API_KEY","version":"1"},{"key":"TWILIO_API_SECRET","projectId":"twilio-messaging-8183c","secret":"TWILIO_API_SECRET","version":"1"},{"key":"TWILIO_APP_SID","projectId":"twilio-messaging-8183c","secret":"TWILIO_APP_SID","version":"1"},{"key":"TWILIO_PHONE","projectId":"twilio-messaging-8183c","secret":"TWILIO_PHONE","version":"1"},{"key":"AIRTABLE_TOKEN","projectId":"twilio-messaging-8183c","secret":"AIRTABLE_TOKEN","version":"1"},{"key":"AIRTABLE_BASE_ID","projectId":"twilio-messaging-8183c","secret":"AIRTABLE_BASE_ID","version":"1"},{"key":"AIRTABLE_TABLE_ID","projectId":"twilio-messaging-8183c","secret":"AIRTABLE_TABLE_ID","version":"1"},{"key":"TWILIO_CONVERSATIONS_SERVICE_SID","projectId":"twilio-messaging-8183c","secret":"TWILIO_CONVERSATIONS_SERVICE_SID","version":"1"},{"key":"TWILIO_IDENTITY","projectId":"twilio-messaging-8183c","secret":"TWILIO_IDENTITY","version":"1"}],"revision":"api-00013-vaw","maxInstanceRequestConcurrency":80,"availableCpu":"1"},"state":"ACTIVE","labels":{"deployment-tool":"cloud-console","firebase-functions-hash":"1da30e41dbfc1be126e8e0319887131a15a212db"},"environment":"GEN_2","url":"https://us-central1-twilio-messaging-8183c.cloudfunctions.net/api","satisfiesPzi":true},"stages":[{"name":"BUILD","message":"Build in progress","state":"IN_PROGRESS","resource":"projects/589640940481/locations/us-central1/builds/8e8d5ae5-6f78-4e4d-a95c-4f4d209be95c","resourceUri":"https://console.cloud.google.com/cloud-build/builds;region=us-central1/8e8d5ae5-6f78-4e4d-a95c-4f4d209be95c?project=589640940481"},{"name":"SERVICE","state":"NOT_STARTED"}],"operationType":"UPDATE_FUNCTION","buildName":"projects/589640940481/locations/us-central1/builds/8e8d5ae5-6f78-4e4d-a95c-4f4d209be95c"},"done":false}
[debug] [2026-03-21T04:13:08.326Z] [update-default-us-central1-api] Retrying task index 0
[debug] [2026-03-21T04:13:08.326Z] Checked if tokens are valid: true, expires at: 1774067573751
[debug] [2026-03-21T04:13:08.326Z] Checked if tokens are valid: true, expires at: 1774067573751
[debug] [2026-03-21T04:13:08.327Z] >>> [apiv2][query] GET https://cloudfunctions.googleapis.com/v2/projects/twilio-messaging-8183c/locations/us-central1/operations/operation-1774066375421-64d81041d6f04-c30a6119-6b35a48a [none]
[debug] [2026-03-21T04:13:09.749Z] <<< [apiv2][status] GET https://cloudfunctions.googleapis.com/v2/projects/twilio-messaging-8183c/locations/us-central1/operations/operation-1774066375421-64d81041d6f04-c30a6119-6b35a48a 200
[debug] [2026-03-21T04:13:09.750Z] <<< [apiv2][body] GET https://cloudfunctions.googleapis.com/v2/projects/twilio-messaging-8183c/locations/us-central1/operations/operation-1774066375421-64d81041d6f04-c30a6119-6b35a48a {"name":"projects/twilio-messaging-8183c/locations/us-central1/operations/operation-1774066375421-64d81041d6f04-c30a6119-6b35a48a","metadata":{"@type":"type.googleapis.com/google.cloud.functions.v2.OperationMetadata","createTime":"2026-03-21T04:12:56.373681002Z","target":"projects/twilio-messaging-8183c/locations/us-central1/functions/api","verb":"update","cancelRequested":false,"apiVersion":"v2","requestResource":{"@type":"type.googleapis.com/google.cloud.functions.v2.Function","name":"projects/twilio-messaging-8183c/locations/us-central1/functions/api","buildConfig":{"runtime":"nodejs24","entryPoint":"api","source":{"storageSource":{"bucket":"gcf-v2-sources-589640940481-us-central1","object":"api/function-source.zip","generation":"1774066376310041"}},"environmentVariables":{"GOOGLE_NODE_RUN_SCRIPTS":""},"dockerRepository":"projects/twilio-messaging-8183c/locations/us-central1/repositories/gcf-artifacts","sourceProvenance":{"resolvedStorageSource":{"bucket":"gcf-v2-sources-589640940481-us-central1","object":"api/function-source.zip","generation":"1769364826425673"}},"dockerRegistry":"ARTIFACT_REGISTRY","serviceAccount":"projects/twilio-messaging-8183c/serviceAccounts/589640940481-compute@developer.gserviceaccount.com","automaticUpdatePolicy":{}},"serviceConfig":{"service":"projects/twilio-messaging-8183c/locations/us-central1/services/api","timeoutSeconds":60,"environmentVariables":{"FIREBASE_CONFIG":"{\"projectId\":\"twilio-messaging-8183c\",\"storageBucket\":\"twilio-messaging-8183c.firebasestorage.app\"}","GCLOUD_PROJECT":"twilio-messaging-8183c","EVENTARC_CLOUD_EVENT_SOURCE":"projects/twilio-messaging-8183c/locations/us-central1/services/api","FUNCTION_TARGET":"api","LOG_EXECUTION_ID":"true"},"maxInstanceCount":10,"ingressSettings":"ALLOW_ALL","uri":"https://api-4igjg5oowa-uc.a.run.app","serviceAccountEmail":"589640940481-compute@developer.gserviceaccount.com","availableMemory":"256Mi","allTrafficOnLatestRevision":true,"secretEnvironmentVariables":[{"key":"TWILIO_ACCOUNT_ID","projectId":"twilio-messaging-8183c","secret":"TWILIO_ACCOUNT_ID","version":"1"},{"key":"TWILIO_AUTH_TOKEN","projectId":"twilio-messaging-8183c","secret":"TWILIO_AUTH_TOKEN","version":"1"},{"key":"TWILIO_API_KEY","projectId":"twilio-messaging-8183c","secret":"TWILIO_API_KEY","version":"1"},{"key":"TWILIO_API_SECRET","projectId":"twilio-messaging-8183c","secret":"TWILIO_API_SECRET","version":"1"},{"key":"TWILIO_APP_SID","projectId":"twilio-messaging-8183c","secret":"TWILIO_APP_SID","version":"1"},{"key":"TWILIO_PHONE","projectId":"twilio-messaging-8183c","secret":"TWILIO_PHONE","version":"1"},{"key":"AIRTABLE_TOKEN","projectId":"twilio-messaging-8183c","secret":"AIRTABLE_TOKEN","version":"1"},{"key":"AIRTABLE_BASE_ID","projectId":"twilio-messaging-8183c","secret":"AIRTABLE_BASE_ID","version":"1"},{"key":"AIRTABLE_TABLE_ID","projectId":"twilio-messaging-8183c","secret":"AIRTABLE_TABLE_ID","version":"1"},{"key":"TWILIO_CONVERSATIONS_SERVICE_SID","projectId":"twilio-messaging-8183c","secret":"TWILIO_CONVERSATIONS_SERVICE_SID","version":"1"},{"key":"TWILIO_IDENTITY","projectId":"twilio-messaging-8183c","secret":"TWILIO_IDENTITY","version":"1"}],"revision":"api-00013-vaw","maxInstanceRequestConcurrency":80,"availableCpu":"1"},"state":"ACTIVE","labels":{"deployment-tool":"cloud-console","firebase-functions-hash":"1da30e41dbfc1be126e8e0319887131a15a212db"},"environment":"GEN_2","url":"https://us-central1-twilio-messaging-8183c.cloudfunctions.net/api","satisfiesPzi":true},"stages":[{"name":"BUILD","message":"Build in progress","state":"IN_PROGRESS","resource":"projects/589640940481/locations/us-central1/builds/8e8d5ae5-6f78-4e4d-a95c-4f4d209be95c","resourceUri":"https://console.cloud.google.com/cloud-build/builds;region=us-central1/8e8d5ae5-6f78-4e4d-a95c-4f4d209be95c?project=589640940481"},{"name":"SERVICE","state":"NOT_STARTED"}],"operationType":"UPDATE_FUNCTION","buildName":"projects/589640940481/locations/us-central1/builds/8e8d5ae5-6f78-4e4d-a95c-4f4d209be95c"},"done":false}
[debug] [2026-03-21T04:13:17.750Z] [update-default-us-central1-api] Retrying task index 0
[debug] [2026-03-21T04:13:17.750Z] Checked if tokens are valid: true, expires at: 1774067573751
[debug] [2026-03-21T04:13:17.751Z] Checked if tokens are valid: true, expires at: 1774067573751
[debug] [2026-03-21T04:13:17.751Z] >>> [apiv2][query] GET https://cloudfunctions.googleapis.com/v2/projects/twilio-messaging-8183c/locations/us-central1/operations/operation-1774066375421-64d81041d6f04-c30a6119-6b35a48a [none]
[debug] [2026-03-21T04:13:19.436Z] <<< [apiv2][status] GET https://cloudfunctions.googleapis.com/v2/projects/twilio-messaging-8183c/locations/us-central1/operations/operation-1774066375421-64d81041d6f04-c30a6119-6b35a48a 200
[debug] [2026-03-21T04:13:19.437Z] <<< [apiv2][body] GET https://cloudfunctions.googleapis.com/v2/projects/twilio-messaging-8183c/locations/us-central1/operations/operation-1774066375421-64d81041d6f04-c30a6119-6b35a48a {"name":"projects/twilio-messaging-8183c/locations/us-central1/operations/operation-1774066375421-64d81041d6f04-c30a6119-6b35a48a","metadata":{"@type":"type.googleapis.com/google.cloud.functions.v2.OperationMetadata","createTime":"2026-03-21T04:12:56.373681002Z","target":"projects/twilio-messaging-8183c/locations/us-central1/functions/api","verb":"update","cancelRequested":false,"apiVersion":"v2","requestResource":{"@type":"type.googleapis.com/google.cloud.functions.v2.Function","name":"projects/twilio-messaging-8183c/locations/us-central1/functions/api","buildConfig":{"runtime":"nodejs24","entryPoint":"api","source":{"storageSource":{"bucket":"gcf-v2-sources-589640940481-us-central1","object":"api/function-source.zip","generation":"1774066376310041"}},"environmentVariables":{"GOOGLE_NODE_RUN_SCRIPTS":""},"dockerRepository":"projects/twilio-messaging-8183c/locations/us-central1/repositories/gcf-artifacts","sourceProvenance":{"resolvedStorageSource":{"bucket":"gcf-v2-sources-589640940481-us-central1","object":"api/function-source.zip","generation":"1769364826425673"}},"dockerRegistry":"ARTIFACT_REGISTRY","serviceAccount":"projects/twilio-messaging-8183c/serviceAccounts/589640940481-compute@developer.gserviceaccount.com","automaticUpdatePolicy":{}},"serviceConfig":{"service":"projects/twilio-messaging-8183c/locations/us-central1/services/api","timeoutSeconds":60,"environmentVariables":{"FIREBASE_CONFIG":"{\"projectId\":\"twilio-messaging-8183c\",\"storageBucket\":\"twilio-messaging-8183c.firebasestorage.app\"}","GCLOUD_PROJECT":"twilio-messaging-8183c","EVENTARC_CLOUD_EVENT_SOURCE":"projects/twilio-messaging-8183c/locations/us-central1/services/api","FUNCTION_TARGET":"api","LOG_EXECUTION_ID":"true"},"maxInstanceCount":10,"ingressSettings":"ALLOW_ALL","uri":"https://api-4igjg5oowa-uc.a.run.app","serviceAccountEmail":"589640940481-compute@developer.gserviceaccount.com","availableMemory":"256Mi","allTrafficOnLatestRevision":true,"secretEnvironmentVariables":[{"key":"TWILIO_ACCOUNT_ID","projectId":"twilio-messaging-8183c","secret":"TWILIO_ACCOUNT_ID","version":"1"},{"key":"TWILIO_AUTH_TOKEN","projectId":"twilio-messaging-8183c","secret":"TWILIO_AUTH_TOKEN","version":"1"},{"key":"TWILIO_API_KEY","projectId":"twilio-messaging-8183c","secret":"TWILIO_API_KEY","version":"1"},{"key":"TWILIO_API_SECRET","projectId":"twilio-messaging-8183c","secret":"TWILIO_API_SECRET","version":"1"},{"key":"TWILIO_APP_SID","projectId":"twilio-messaging-8183c","secret":"TWILIO_APP_SID","version":"1"},{"key":"TWILIO_PHONE","projectId":"twilio-messaging-8183c","secret":"TWILIO_PHONE","version":"1"},{"key":"AIRTABLE_TOKEN","projectId":"twilio-messaging-8183c","secret":"AIRTABLE_TOKEN","version":"1"},{"key":"AIRTABLE_BASE_ID","projectId":"twilio-messaging-8183c","secret":"AIRTABLE_BASE_ID","version":"1"},{"key":"AIRTABLE_TABLE_ID","projectId":"twilio-messaging-8183c","secret":"AIRTABLE_TABLE_ID","version":"1"},{"key":"TWILIO_CONVERSATIONS_SERVICE_SID","projectId":"twilio-messaging-8183c","secret":"TWILIO_CONVERSATIONS_SERVICE_SID","version":"1"},{"key":"TWILIO_IDENTITY","projectId":"twilio-messaging-8183c","secret":"TWILIO_IDENTITY","version":"1"}],"revision":"api-00013-vaw","maxInstanceRequestConcurrency":80,"availableCpu":"1"},"state":"ACTIVE","labels":{"deployment-tool":"cloud-console","firebase-functions-hash":"1da30e41dbfc1be126e8e0319887131a15a212db"},"environment":"GEN_2","url":"https://us-central1-twilio-messaging-8183c.cloudfunctions.net/api","satisfiesPzi":true},"stages":[{"name":"BUILD","message":"Build in progress","state":"IN_PROGRESS","resource":"projects/589640940481/locations/us-central1/builds/8e8d5ae5-6f78-4e4d-a95c-4f4d209be95c","resourceUri":"https://console.cloud.google.com/cloud-build/builds;region=us-central1/8e8d5ae5-6f78-4e4d-a95c-4f4d209be95c?project=589640940481"},{"name":"SERVICE","state":"NOT_STARTED"}],"operationType":"UPDATE_FUNCTION","buildName":"projects/589640940481/locations/us-central1/builds/8e8d5ae5-6f78-4e4d-a95c-4f4d209be95c"},"done":false}
[debug] [2026-03-21T04:13:29.449Z] [update-default-us-central1-api] Retrying task index 0
[debug] [2026-03-21T04:13:29.449Z] Checked if tokens are valid: true, expires at: 1774067573751
[debug] [2026-03-21T04:13:29.449Z] Checked if tokens are valid: true, expires at: 1774067573751
[debug] [2026-03-21T04:13:29.450Z] >>> [apiv2][query] GET https://cloudfunctions.googleapis.com/v2/projects/twilio-messaging-8183c/locations/us-central1/operations/operation-1774066375421-64d81041d6f04-c30a6119-6b35a48a [none]
[debug] [2026-03-21T04:13:31.354Z] <<< [apiv2][status] GET https://cloudfunctions.googleapis.com/v2/projects/twilio-messaging-8183c/locations/us-central1/operations/operation-1774066375421-64d81041d6f04-c30a6119-6b35a48a 200
[debug] [2026-03-21T04:13:31.354Z] <<< [apiv2][body] GET https://cloudfunctions.googleapis.com/v2/projects/twilio-messaging-8183c/locations/us-central1/operations/operation-1774066375421-64d81041d6f04-c30a6119-6b35a48a {"name":"projects/twilio-messaging-8183c/locations/us-central1/operations/operation-1774066375421-64d81041d6f04-c30a6119-6b35a48a","metadata":{"@type":"type.googleapis.com/google.cloud.functions.v2.OperationMetadata","createTime":"2026-03-21T04:12:56.373681002Z","target":"projects/twilio-messaging-8183c/locations/us-central1/functions/api","verb":"update","cancelRequested":false,"apiVersion":"v2","requestResource":{"@type":"type.googleapis.com/google.cloud.functions.v2.Function","name":"projects/twilio-messaging-8183c/locations/us-central1/functions/api","buildConfig":{"runtime":"nodejs24","entryPoint":"api","source":{"storageSource":{"bucket":"gcf-v2-sources-589640940481-us-central1","object":"api/function-source.zip","generation":"1774066376310041"}},"environmentVariables":{"GOOGLE_NODE_RUN_SCRIPTS":""},"dockerRepository":"projects/twilio-messaging-8183c/locations/us-central1/repositories/gcf-artifacts","sourceProvenance":{"resolvedStorageSource":{"bucket":"gcf-v2-sources-589640940481-us-central1","object":"api/function-source.zip","generation":"1769364826425673"}},"dockerRegistry":"ARTIFACT_REGISTRY","serviceAccount":"projects/twilio-messaging-8183c/serviceAccounts/589640940481-compute@developer.gserviceaccount.com","automaticUpdatePolicy":{}},"serviceConfig":{"service":"projects/twilio-messaging-8183c/locations/us-central1/services/api","timeoutSeconds":60,"environmentVariables":{"FIREBASE_CONFIG":"{\"projectId\":\"twilio-messaging-8183c\",\"storageBucket\":\"twilio-messaging-8183c.firebasestorage.app\"}","GCLOUD_PROJECT":"twilio-messaging-8183c","EVENTARC_CLOUD_EVENT_SOURCE":"projects/twilio-messaging-8183c/locations/us-central1/services/api","FUNCTION_TARGET":"api","LOG_EXECUTION_ID":"true"},"maxInstanceCount":10,"ingressSettings":"ALLOW_ALL","uri":"https://api-4igjg5oowa-uc.a.run.app","serviceAccountEmail":"589640940481-compute@developer.gserviceaccount.com","availableMemory":"256Mi","allTrafficOnLatestRevision":true,"secretEnvironmentVariables":[{"key":"TWILIO_ACCOUNT_ID","projectId":"twilio-messaging-8183c","secret":"TWILIO_ACCOUNT_ID","version":"1"},{"key":"TWILIO_AUTH_TOKEN","projectId":"twilio-messaging-8183c","secret":"TWILIO_AUTH_TOKEN","version":"1"},{"key":"TWILIO_API_KEY","projectId":"twilio-messaging-8183c","secret":"TWILIO_API_KEY","version":"1"},{"key":"TWILIO_API_SECRET","projectId":"twilio-messaging-8183c","secret":"TWILIO_API_SECRET","version":"1"},{"key":"TWILIO_APP_SID","projectId":"twilio-messaging-8183c","secret":"TWILIO_APP_SID","version":"1"},{"key":"TWILIO_PHONE","projectId":"twilio-messaging-8183c","secret":"TWILIO_PHONE","version":"1"},{"key":"AIRTABLE_TOKEN","projectId":"twilio-messaging-8183c","secret":"AIRTABLE_TOKEN","version":"1"},{"key":"AIRTABLE_BASE_ID","projectId":"twilio-messaging-8183c","secret":"AIRTABLE_BASE_ID","version":"1"},{"key":"AIRTABLE_TABLE_ID","projectId":"twilio-messaging-8183c","secret":"AIRTABLE_TABLE_ID","version":"1"},{"key":"TWILIO_CONVERSATIONS_SERVICE_SID","projectId":"twilio-messaging-8183c","secret":"TWILIO_CONVERSATIONS_SERVICE_SID","version":"1"},{"key":"TWILIO_IDENTITY","projectId":"twilio-messaging-8183c","secret":"TWILIO_IDENTITY","version":"1"}],"revision":"api-00013-vaw","maxInstanceRequestConcurrency":80,"availableCpu":"1"},"state":"ACTIVE","labels":{"deployment-tool":"cloud-console","firebase-functions-hash":"1da30e41dbfc1be126e8e0319887131a15a212db"},"environment":"GEN_2","url":"https://us-central1-twilio-messaging-8183c.cloudfunctions.net/api","satisfiesPzi":true},"stages":[{"name":"BUILD","message":"Build in progress","state":"IN_PROGRESS","resource":"projects/589640940481/locations/us-central1/builds/8e8d5ae5-6f78-4e4d-a95c-4f4d209be95c","resourceUri":"https://console.cloud.google.com/cloud-build/builds;region=us-central1/8e8d5ae5-6f78-4e4d-a95c-4f4d209be95c?project=589640940481"},{"name":"SERVICE","state":"NOT_STARTED"}],"operationType":"UPDATE_FUNCTION","buildName":"projects/589640940481/locations/us-central1/builds/8e8d5ae5-6f78-4e4d-a95c-4f4d209be95c"},"done":false}
[debug] [2026-03-21T04:13:41.362Z] [update-default-us-central1-api] Retrying task index 0
[debug] [2026-03-21T04:13:41.363Z] Checked if tokens are valid: true, expires at: 1774067573751
[debug] [2026-03-21T04:13:41.363Z] Checked if tokens are valid: true, expires at: 1774067573751
[debug] [2026-03-21T04:13:41.363Z] >>> [apiv2][query] GET https://cloudfunctions.googleapis.com/v2/projects/twilio-messaging-8183c/locations/us-central1/operations/operation-1774066375421-64d81041d6f04-c30a6119-6b35a48a [none]
[debug] [2026-03-21T04:13:43.426Z] <<< [apiv2][status] GET https://cloudfunctions.googleapis.com/v2/projects/twilio-messaging-8183c/locations/us-central1/operations/operation-1774066375421-64d81041d6f04-c30a6119-6b35a48a 200
[debug] [2026-03-21T04:13:43.426Z] <<< [apiv2][body] GET https://cloudfunctions.googleapis.com/v2/projects/twilio-messaging-8183c/locations/us-central1/operations/operation-1774066375421-64d81041d6f04-c30a6119-6b35a48a {"name":"projects/twilio-messaging-8183c/locations/us-central1/operations/operation-1774066375421-64d81041d6f04-c30a6119-6b35a48a","metadata":{"@type":"type.googleapis.com/google.cloud.functions.v2.OperationMetadata","createTime":"2026-03-21T04:12:56.373681002Z","target":"projects/twilio-messaging-8183c/locations/us-central1/functions/api","verb":"update","cancelRequested":false,"apiVersion":"v2","requestResource":{"@type":"type.googleapis.com/google.cloud.functions.v2.Function","name":"projects/twilio-messaging-8183c/locations/us-central1/functions/api","buildConfig":{"runtime":"nodejs24","entryPoint":"api","source":{"storageSource":{"bucket":"gcf-v2-sources-589640940481-us-central1","object":"api/function-source.zip","generation":"1774066376310041"}},"environmentVariables":{"GOOGLE_NODE_RUN_SCRIPTS":""},"dockerRepository":"projects/twilio-messaging-8183c/locations/us-central1/repositories/gcf-artifacts","sourceProvenance":{"resolvedStorageSource":{"bucket":"gcf-v2-sources-589640940481-us-central1","object":"api/function-source.zip","generation":"1769364826425673"}},"dockerRegistry":"ARTIFACT_REGISTRY","serviceAccount":"projects/twilio-messaging-8183c/serviceAccounts/589640940481-compute@developer.gserviceaccount.com","automaticUpdatePolicy":{}},"serviceConfig":{"service":"projects/twilio-messaging-8183c/locations/us-central1/services/api","timeoutSeconds":60,"environmentVariables":{"FIREBASE_CONFIG":"{\"projectId\":\"twilio-messaging-8183c\",\"storageBucket\":\"twilio-messaging-8183c.firebasestorage.app\"}","GCLOUD_PROJECT":"twilio-messaging-8183c","EVENTARC_CLOUD_EVENT_SOURCE":"projects/twilio-messaging-8183c/locations/us-central1/services/api","FUNCTION_TARGET":"api","LOG_EXECUTION_ID":"true"},"maxInstanceCount":10,"ingressSettings":"ALLOW_ALL","uri":"https://api-4igjg5oowa-uc.a.run.app","serviceAccountEmail":"589640940481-compute@developer.gserviceaccount.com","availableMemory":"256Mi","allTrafficOnLatestRevision":true,"secretEnvironmentVariables":[{"key":"TWILIO_ACCOUNT_ID","projectId":"twilio-messaging-8183c","secret":"TWILIO_ACCOUNT_ID","version":"1"},{"key":"TWILIO_AUTH_TOKEN","projectId":"twilio-messaging-8183c","secret":"TWILIO_AUTH_TOKEN","version":"1"},{"key":"TWILIO_API_KEY","projectId":"twilio-messaging-8183c","secret":"TWILIO_API_KEY","version":"1"},{"key":"TWILIO_API_SECRET","projectId":"twilio-messaging-8183c","secret":"TWILIO_API_SECRET","version":"1"},{"key":"TWILIO_APP_SID","projectId":"twilio-messaging-8183c","secret":"TWILIO_APP_SID","version":"1"},{"key":"TWILIO_PHONE","projectId":"twilio-messaging-8183c","secret":"TWILIO_PHONE","version":"1"},{"key":"AIRTABLE_TOKEN","projectId":"twilio-messaging-8183c","secret":"AIRTABLE_TOKEN","version":"1"},{"key":"AIRTABLE_BASE_ID","projectId":"twilio-messaging-8183c","secret":"AIRTABLE_BASE_ID","version":"1"},{"key":"AIRTABLE_TABLE_ID","projectId":"twilio-messaging-8183c","secret":"AIRTABLE_TABLE_ID","version":"1"},{"key":"TWILIO_CONVERSATIONS_SERVICE_SID","projectId":"twilio-messaging-8183c","secret":"TWILIO_CONVERSATIONS_SERVICE_SID","version":"1"},{"key":"TWILIO_IDENTITY","projectId":"twilio-messaging-8183c","secret":"TWILIO_IDENTITY","version":"1"}],"revision":"api-00013-vaw","maxInstanceRequestConcurrency":80,"availableCpu":"1"},"state":"ACTIVE","labels":{"deployment-tool":"cloud-console","firebase-functions-hash":"1da30e41dbfc1be126e8e0319887131a15a212db"},"environment":"GEN_2","url":"https://us-central1-twilio-messaging-8183c.cloudfunctions.net/api","satisfiesPzi":true},"stages":[{"name":"BUILD","message":"Build in progress","state":"IN_PROGRESS","resource":"projects/589640940481/locations/us-central1/builds/8e8d5ae5-6f78-4e4d-a95c-4f4d209be95c","resourceUri":"https://console.cloud.google.com/cloud-build/builds;region=us-central1/8e8d5ae5-6f78-4e4d-a95c-4f4d209be95c?project=589640940481"},{"name":"SERVICE","state":"NOT_STARTED"}],"operationType":"UPDATE_FUNCTION","buildName":"projects/589640940481/locations/us-central1/builds/8e8d5ae5-6f78-4e4d-a95c-4f4d209be95c"},"done":false}
[debug] [2026-03-21T04:13:53.437Z] [update-default-us-central1-api] Retrying task index 0
[debug] [2026-03-21T04:13:53.438Z] Checked if tokens are valid: true, expires at: 1774067573751
[debug] [2026-03-21T04:13:53.438Z] Checked if tokens are valid: true, expires at: 1774067573751
[debug] [2026-03-21T04:13:53.438Z] >>> [apiv2][query] GET https://cloudfunctions.googleapis.com/v2/projects/twilio-messaging-8183c/locations/us-central1/operations/operation-1774066375421-64d81041d6f04-c30a6119-6b35a48a [none]
[debug] [2026-03-21T04:13:55.013Z] <<< [apiv2][status] GET https://cloudfunctions.googleapis.com/v2/projects/twilio-messaging-8183c/locations/us-central1/operations/operation-1774066375421-64d81041d6f04-c30a6119-6b35a48a 200
[debug] [2026-03-21T04:13:55.013Z] <<< [apiv2][body] GET https://cloudfunctions.googleapis.com/v2/projects/twilio-messaging-8183c/locations/us-central1/operations/operation-1774066375421-64d81041d6f04-c30a6119-6b35a48a {"name":"projects/twilio-messaging-8183c/locations/us-central1/operations/operation-1774066375421-64d81041d6f04-c30a6119-6b35a48a","metadata":{"@type":"type.googleapis.com/google.cloud.functions.v2.OperationMetadata","createTime":"2026-03-21T04:12:56.373681002Z","target":"projects/twilio-messaging-8183c/locations/us-central1/functions/api","verb":"update","cancelRequested":false,"apiVersion":"v2","requestResource":{"@type":"type.googleapis.com/google.cloud.functions.v2.Function","name":"projects/twilio-messaging-8183c/locations/us-central1/functions/api","buildConfig":{"runtime":"nodejs24","entryPoint":"api","source":{"storageSource":{"bucket":"gcf-v2-sources-589640940481-us-central1","object":"api/function-source.zip","generation":"1774066376310041"}},"environmentVariables":{"GOOGLE_NODE_RUN_SCRIPTS":""},"dockerRepository":"projects/twilio-messaging-8183c/locations/us-central1/repositories/gcf-artifacts","sourceProvenance":{"resolvedStorageSource":{"bucket":"gcf-v2-sources-589640940481-us-central1","object":"api/function-source.zip","generation":"1769364826425673"}},"dockerRegistry":"ARTIFACT_REGISTRY","serviceAccount":"projects/twilio-messaging-8183c/serviceAccounts/589640940481-compute@developer.gserviceaccount.com","automaticUpdatePolicy":{}},"serviceConfig":{"service":"projects/twilio-messaging-8183c/locations/us-central1/services/api","timeoutSeconds":60,"environmentVariables":{"FIREBASE_CONFIG":"{\"projectId\":\"twilio-messaging-8183c\",\"storageBucket\":\"twilio-messaging-8183c.firebasestorage.app\"}","GCLOUD_PROJECT":"twilio-messaging-8183c","EVENTARC_CLOUD_EVENT_SOURCE":"projects/twilio-messaging-8183c/locations/us-central1/services/api","FUNCTION_TARGET":"api","LOG_EXECUTION_ID":"true"},"maxInstanceCount":10,"ingressSettings":"ALLOW_ALL","uri":"https://api-4igjg5oowa-uc.a.run.app","serviceAccountEmail":"589640940481-compute@developer.gserviceaccount.com","availableMemory":"256Mi","allTrafficOnLatestRevision":true,"secretEnvironmentVariables":[{"key":"TWILIO_ACCOUNT_ID","projectId":"twilio-messaging-8183c","secret":"TWILIO_ACCOUNT_ID","version":"1"},{"key":"TWILIO_AUTH_TOKEN","projectId":"twilio-messaging-8183c","secret":"TWILIO_AUTH_TOKEN","version":"1"},{"key":"TWILIO_API_KEY","projectId":"twilio-messaging-8183c","secret":"TWILIO_API_KEY","version":"1"},{"key":"TWILIO_API_SECRET","projectId":"twilio-messaging-8183c","secret":"TWILIO_API_SECRET","version":"1"},{"key":"TWILIO_APP_SID","projectId":"twilio-messaging-8183c","secret":"TWILIO_APP_SID","version":"1"},{"key":"TWILIO_PHONE","projectId":"twilio-messaging-8183c","secret":"TWILIO_PHONE","version":"1"},{"key":"AIRTABLE_TOKEN","projectId":"twilio-messaging-8183c","secret":"AIRTABLE_TOKEN","version":"1"},{"key":"AIRTABLE_BASE_ID","projectId":"twilio-messaging-8183c","secret":"AIRTABLE_BASE_ID","version":"1"},{"key":"AIRTABLE_TABLE_ID","projectId":"twilio-messaging-8183c","secret":"AIRTABLE_TABLE_ID","version":"1"},{"key":"TWILIO_CONVERSATIONS_SERVICE_SID","projectId":"twilio-messaging-8183c","secret":"TWILIO_CONVERSATIONS_SERVICE_SID","version":"1"},{"key":"TWILIO_IDENTITY","projectId":"twilio-messaging-8183c","secret":"TWILIO_IDENTITY","version":"1"}],"revision":"api-00013-vaw","maxInstanceRequestConcurrency":80,"availableCpu":"1"},"state":"ACTIVE","labels":{"deployment-tool":"cloud-console","firebase-functions-hash":"1da30e41dbfc1be126e8e0319887131a15a212db"},"environment":"GEN_2","url":"https://us-central1-twilio-messaging-8183c.cloudfunctions.net/api","satisfiesPzi":true},"stages":[{"name":"BUILD","message":"Build in progress","state":"IN_PROGRESS","resource":"projects/589640940481/locations/us-central1/builds/8e8d5ae5-6f78-4e4d-a95c-4f4d209be95c","resourceUri":"https://console.cloud.google.com/cloud-build/builds;region=us-central1/8e8d5ae5-6f78-4e4d-a95c-4f4d209be95c?project=589640940481"},{"name":"SERVICE","state":"NOT_STARTED"}],"operationType":"UPDATE_FUNCTION","buildName":"projects/589640940481/locations/us-central1/builds/8e8d5ae5-6f78-4e4d-a95c-4f4d209be95c"},"done":false}
[debug] [2026-03-21T04:14:05.029Z] [update-default-us-central1-api] Retrying task index 0
[debug] [2026-03-21T04:14:05.030Z] Checked if tokens are valid: true, expires at: 1774067573751
[debug] [2026-03-21T04:14:05.030Z] Checked if tokens are valid: true, expires at: 1774067573751
[debug] [2026-03-21T04:14:05.030Z] >>> [apiv2][query] GET https://cloudfunctions.googleapis.com/v2/projects/twilio-messaging-8183c/locations/us-central1/operations/operation-1774066375421-64d81041d6f04-c30a6119-6b35a48a [none]
[debug] [2026-03-21T04:14:06.847Z] <<< [apiv2][status] GET https://cloudfunctions.googleapis.com/v2/projects/twilio-messaging-8183c/locations/us-central1/operations/operation-1774066375421-64d81041d6f04-c30a6119-6b35a48a 200
[debug] [2026-03-21T04:14:06.847Z] <<< [apiv2][body] GET https://cloudfunctions.googleapis.com/v2/projects/twilio-messaging-8183c/locations/us-central1/operations/operation-1774066375421-64d81041d6f04-c30a6119-6b35a48a {"name":"projects/twilio-messaging-8183c/locations/us-central1/operations/operation-1774066375421-64d81041d6f04-c30a6119-6b35a48a","metadata":{"@type":"type.googleapis.com/google.cloud.functions.v2.OperationMetadata","createTime":"2026-03-21T04:12:56.373681002Z","endTime":"2026-03-21T04:14:01.022065968Z","target":"projects/twilio-messaging-8183c/locations/us-central1/functions/api","verb":"update","cancelRequested":false,"apiVersion":"v2","requestResource":{"@type":"type.googleapis.com/google.cloud.functions.v2.Function","name":"projects/twilio-messaging-8183c/locations/us-central1/functions/api","buildConfig":{"runtime":"nodejs24","entryPoint":"api","source":{"storageSource":{"bucket":"gcf-v2-sources-589640940481-us-central1","object":"api/function-source.zip","generation":"1774066376310041"}},"environmentVariables":{"GOOGLE_NODE_RUN_SCRIPTS":""},"dockerRepository":"projects/twilio-messaging-8183c/locations/us-central1/repositories/gcf-artifacts","sourceProvenance":{"resolvedStorageSource":{"bucket":"gcf-v2-sources-589640940481-us-central1","object":"api/function-source.zip","generation":"1769364826425673"}},"dockerRegistry":"ARTIFACT_REGISTRY","serviceAccount":"projects/twilio-messaging-8183c/serviceAccounts/589640940481-compute@developer.gserviceaccount.com","automaticUpdatePolicy":{}},"serviceConfig":{"service":"projects/twilio-messaging-8183c/locations/us-central1/services/api","timeoutSeconds":60,"environmentVariables":{"FIREBASE_CONFIG":"{\"projectId\":\"twilio-messaging-8183c\",\"storageBucket\":\"twilio-messaging-8183c.firebasestorage.app\"}","GCLOUD_PROJECT":"twilio-messaging-8183c","EVENTARC_CLOUD_EVENT_SOURCE":"projects/twilio-messaging-8183c/locations/us-central1/services/api","FUNCTION_TARGET":"api","LOG_EXECUTION_ID":"true"},"maxInstanceCount":10,"ingressSettings":"ALLOW_ALL","uri":"https://api-4igjg5oowa-uc.a.run.app","serviceAccountEmail":"589640940481-compute@developer.gserviceaccount.com","availableMemory":"256Mi","allTrafficOnLatestRevision":true,"secretEnvironmentVariables":[{"key":"TWILIO_ACCOUNT_ID","projectId":"twilio-messaging-8183c","secret":"TWILIO_ACCOUNT_ID","version":"1"},{"key":"TWILIO_AUTH_TOKEN","projectId":"twilio-messaging-8183c","secret":"TWILIO_AUTH_TOKEN","version":"1"},{"key":"TWILIO_API_KEY","projectId":"twilio-messaging-8183c","secret":"TWILIO_API_KEY","version":"1"},{"key":"TWILIO_API_SECRET","projectId":"twilio-messaging-8183c","secret":"TWILIO_API_SECRET","version":"1"},{"key":"TWILIO_APP_SID","projectId":"twilio-messaging-8183c","secret":"TWILIO_APP_SID","version":"1"},{"key":"TWILIO_PHONE","projectId":"twilio-messaging-8183c","secret":"TWILIO_PHONE","version":"1"},{"key":"AIRTABLE_TOKEN","projectId":"twilio-messaging-8183c","secret":"AIRTABLE_TOKEN","version":"1"},{"key":"AIRTABLE_BASE_ID","projectId":"twilio-messaging-8183c","secret":"AIRTABLE_BASE_ID","version":"1"},{"key":"AIRTABLE_TABLE_ID","projectId":"twilio-messaging-8183c","secret":"AIRTABLE_TABLE_ID","version":"1"},{"key":"TWILIO_CONVERSATIONS_SERVICE_SID","projectId":"twilio-messaging-8183c","secret":"TWILIO_CONVERSATIONS_SERVICE_SID","version":"1"},{"key":"TWILIO_IDENTITY","projectId":"twilio-messaging-8183c","secret":"TWILIO_IDENTITY","version":"1"}],"revision":"api-00013-vaw","maxInstanceRequestConcurrency":80,"availableCpu":"1"},"state":"ACTIVE","labels":{"deployment-tool":"cloud-console","firebase-functions-hash":"1da30e41dbfc1be126e8e0319887131a15a212db"},"environment":"GEN_2","url":"https://us-central1-twilio-messaging-8183c.cloudfunctions.net/api","satisfiesPzi":true},"stages":[{"name":"SERVICE","state":"NOT_STARTED"}],"operationType":"UPDATE_FUNCTION"},"done":true,"error":{"code":3,"message":"Build failed with status: FAILURE and message: npm error code EUSAGE\nnpm error\nnpm error `npm ci` can only install packages when your package.json and package-lock.json or npm-shrinkwrap.json are in sync. Please update your lock file with `npm install` before continuing.\nnpm error\nnpm error Missing: @pkgjs/parseargs@0.11.0 from lock file\nnpm error Missing: fsevents@2.3.3 from lock file\nnpm error Missing: @unrs/resolver-binding-android-arm-eabi@1.11.1 from lock file\nnpm error Missing: @unrs/resolver-binding-android-arm64@1.11.1 from lock file\nnpm error Missing: @unrs/resolver-binding-darwin-arm64@1.11.1 from lock file\nnpm error Missing: @unrs/resolver-binding-darwin-x64@1.11.1 from lock file\nnpm error Missing: @unrs/resolver-binding-freebsd-x64@1.11.1 from lock file\nnpm error Missing: @unrs/resolver-binding-linux-arm-gnueabihf@1.11.1 from lock file\nnpm error Missing: @unrs/resolver-binding-linux-arm-musleabihf@1.11.1 from lock file\nnpm error Missing: @unrs/resolver-binding-linux-arm64-gnu@1.11.1 from lock file\nnpm error Missing: @unrs/resolver-binding-linux-arm64-musl@1.11.1 from lock file\nnpm error Missing: @unrs/resolver-binding-linux-ppc64-gnu@1.11.1 from lock file\nnpm error Missing: @unrs/resolver-binding-linux-riscv64-gnu@1.11.1 from lock file\nnpm error Missing: @unrs/resolver-binding-linux-riscv64-musl@1.11.1 from lock file\nnpm error Missing: @unrs/resolver-binding-linux-s390x-gnu@1.11.1 from lock file\nnpm error Missing: @unrs/resolver-binding-linux-x64-gnu@1.11.1 from lock file\nnpm error Missing: @unrs/resolver-binding-linux-x64-musl@1.11.1 from lock file\nnpm error Missing: @unrs/resolver-binding-wasm32-wasi@1.11.1 from lock file\nnpm error Missing: @unrs/resolver-binding-win32-arm64-msvc@1.11.1 from lock file\nnpm error Missing: @unrs/resolver-binding-win32-ia32-msvc@1.11.1 from lock file\nnpm error Missing: @unrs/resolver-binding-win32-x64-msvc@1.11.1 from lock file\nnpm error Missing: @napi-rs/wasm-runtime@0.2.12 from lock file\nnpm error Missing: @emnapi/core@1.9.1 from lock file\nnpm error Missing: @emnapi/runtime@1.9.1 from lock file\nnpm error Missing: @tybys/wasm-util@0.10.1 from lock file\nnpm error Missing: @emnapi/wasi-threads@1.2.0 from lock file\nnpm error\nnpm error Clean install a project\nnpm error\nnpm error Usage:\nnpm error npm ci\nnpm error\nnpm error Options:\nnpm error [--install-strategy <hoisted|nested|shallow|linked>] [--legacy-bundling]\nnpm error [--global-style] [--omit <dev|optional|peer> [--omit <dev|optional|peer> ...]]\nnpm error [--include <prod|dev|optional|peer> [--include <prod|dev|optional|peer> ...]]\nnpm error [--strict-peer-deps] [--foreground-scripts] [--ignore-scripts] [--no-audit]\nnpm error [--no-bin-links] [--no-fund] [--dry-run]\nnpm error [-w|--workspace <workspace-name> [-w|--workspace <workspace-name> ...]]\nnpm error [--workspaces] [--include-workspace-root] [--install-links]\nnpm error\nnpm error aliases: clean-install, ic, install-clean, isntall-clean\nnpm error\nnpm error Run \"npm help ci\" for more info\nnpm error A complete log of this run can be found in: /www-data-home/.npm/_logs/2026-03-21T04_13_34_971Z-debug-0.log. For more details see the logs at https://console.cloud.google.com/cloud-build/builds;region=us-central1/8e8d5ae5-6f78-4e4d-a95c-4f4d209be95c?project=589640940481."}}
[debug] [2026-03-21T04:14:06.847Z] Got source token undefined for region us-central1
[error] Build failed with status: FAILURE and message: npm error code EUSAGE
npm error
npm error `npm ci` can only install packages when your package.json and package-lock.json or npm-shrinkwrap.json are in sync. Please update your lock file with `npm install` before continuing.
npm error
npm error Missing: @pkgjs/parseargs@0.11.0 from lock file
npm error Missing: fsevents@2.3.3 from lock file
npm error Missing: @unrs/resolver-binding-android-arm-eabi@1.11.1 from lock file
npm error Missing: @unrs/resolver-binding-android-arm64@1.11.1 from lock file
npm error Missing: @unrs/resolver-binding-darwin-arm64@1.11.1 from lock file
npm error Missing: @unrs/resolver-binding-darwin-x64@1.11.1 from lock file
npm error Missing: @unrs/resolver-binding-freebsd-x64@1.11.1 from lock file
npm error Missing: @unrs/resolver-binding-linux-arm-gnueabihf@1.11.1 from lock file
npm error Missing: @unrs/resolver-binding-linux-arm-musleabihf@1.11.1 from lock file
npm error Missing: @unrs/resolver-binding-linux-arm64-gnu@1.11.1 from lock file
npm error Missing: @unrs/resolver-binding-linux-arm64-musl@1.11.1 from lock file
npm error Missing: @unrs/resolver-binding-linux-ppc64-gnu@1.11.1 from lock file
npm error Missing: @unrs/resolver-binding-linux-riscv64-gnu@1.11.1 from lock file
npm error Missing: @unrs/resolver-binding-linux-riscv64-musl@1.11.1 from lock file
npm error Missing: @unrs/resolver-binding-linux-s390x-gnu@1.11.1 from lock file
npm error Missing: @unrs/resolver-binding-linux-x64-gnu@1.11.1 from lock file
npm error Missing: @unrs/resolver-binding-linux-x64-musl@1.11.1 from lock file
npm error Missing: @unrs/resolver-binding-wasm32-wasi@1.11.1 from lock file
npm error Missing: @unrs/resolver-binding-win32-arm64-msvc@1.11.1 from lock file
npm error Missing: @unrs/resolver-binding-win32-ia32-msvc@1.11.1 from lock file
npm error Missing: @unrs/resolver-binding-win32-x64-msvc@1.11.1 from lock file
npm error Missing: @napi-rs/wasm-runtime@0.2.12 from lock file
npm error Missing: @emnapi/core@1.9.1 from lock file
npm error Missing: @emnapi/runtime@1.9.1 from lock file
npm error Missing: @tybys/wasm-util@0.10.1 from lock file
npm error Missing: @emnapi/wasi-threads@1.2.0 from lock file
npm error
npm error Clean install a project
npm error
npm error Usage:
npm error npm ci
npm error
npm error Options:
npm error [--install-strategy <hoisted|nested|shallow|linked>] [--legacy-bundling]
npm error [--global-style] [--omit <dev|optional|peer> [--omit <dev|optional|peer> ...]]
npm error [--include <prod|dev|optional|peer> [--include <prod|dev|optional|peer> ...]]
npm error [--strict-peer-deps] [--foreground-scripts] [--ignore-scripts] [--no-audit]
npm error [--no-bin-links] [--no-fund] [--dry-run]
npm error [-w|--workspace <workspace-name> [-w|--workspace <workspace-name> ...]]
npm error [--workspaces] [--include-workspace-root] [--install-links]
npm error
npm error aliases: clean-install, ic, install-clean, isntall-clean
npm error
npm error Run "npm help ci" for more info
npm error A complete log of this run can be found in: /www-data-home/.npm/_logs/2026-03-21T04_13_34_971Z-debug-0.log. For more details see the logs at https://console.cloud.google.com/cloud-build/builds;region=us-central1/8e8d5ae5-6f78-4e4d-a95c-4f4d209be95c?project=589640940481.
[debug] [2026-03-21T04:14:06.858Z] Total Function Deployment time: 72388
[debug] [2026-03-21T04:14:06.858Z] 1 Functions Deployed
[debug] [2026-03-21T04:14:06.858Z] 1 Functions Errored
[debug] [2026-03-21T04:14:06.858Z] 0 Function Deployments Aborted
[debug] [2026-03-21T04:14:06.858Z] Average Function Deployment time: 72387
[info] 
[info] Functions deploy had errors with the following functions:
	api(us-central1)
[debug] [2026-03-21T04:14:07.288Z] Not printing URL for HTTPS function. Typically this means it didn't match a filter or we failed deployment
[debug] [2026-03-21T04:14:07.289Z] Checked if tokens are valid: true, expires at: 1774067573751
[debug] [2026-03-21T04:14:07.289Z] Checked if tokens are valid: true, expires at: 1774067573751
[debug] [2026-03-21T04:14:07.289Z] >>> [apiv2][query] GET https://artifactregistry.googleapis.com/v1/projects/twilio-messaging-8183c/locations/us-central1/repositories/gcf-artifacts [none]
[debug] [2026-03-21T04:14:09.232Z] <<< [apiv2][status] GET https://artifactregistry.googleapis.com/v1/projects/twilio-messaging-8183c/locations/us-central1/repositories/gcf-artifacts 200
[debug] [2026-03-21T04:14:09.232Z] <<< [apiv2][body] GET https://artifactregistry.googleapis.com/v1/projects/twilio-messaging-8183c/locations/us-central1/repositories/gcf-artifacts {"name":"projects/twilio-messaging-8183c/locations/us-central1/repositories/gcf-artifacts","format":"DOCKER","description":"This repository is created and used by Cloud Functions for storing function docker images.","labels":{"goog-managed-by":"cloudfunctions"},"createTime":"2026-01-18T19:38:08.261851Z","updateTime":"2026-01-26T21:49:04.299915Z","mode":"STANDARD_REPOSITORY","cleanupPolicies":{"firebase-functions-cleanup":{"id":"firebase-functions-cleanup","action":"DELETE","condition":{"tagState":"ANY","olderThan":"86400s"}}},"vulnerabilityScanningConfig":{"lastEnableTime":"2026-01-18T19:37:59.496025644Z","enablementState":"SCANNING_DISABLED","enablementStateReason":"API containerscanning.googleapis.com is not enabled."},"satisfiesPzi":true,"registryUri":"us-central1-docker.pkg.dev/twilio-messaging-8183c/gcf-artifacts"}
[debug] [2026-03-21T04:14:09.233Z] Functions deploy failed.
[debug] [2026-03-21T04:14:09.233Z] {
  "endpoint": {
    "id": "api",
    "project": "twilio-messaging-8183c",
    "region": "us-central1",
    "entryPoint": "api",
    "platform": "gcfv2",
    "runtime": "nodejs24",
    "httpsTrigger": {},
    "labels": {
      "deployment-tool": "cli-firebase"
    },
    "secretEnvironmentVariables": [
      {
        "key": "TWILIO_ACCOUNT_ID",
        "secret": "TWILIO_ACCOUNT_ID",
        "projectId": "twilio-messaging-8183c",
        "version": "1"
      },
      {
        "key": "TWILIO_AUTH_TOKEN",
        "secret": "TWILIO_AUTH_TOKEN",
        "projectId": "twilio-messaging-8183c",
        "version": "1"
      },
      {
        "key": "TWILIO_API_KEY",
        "secret": "TWILIO_API_KEY",
        "projectId": "twilio-messaging-8183c",
        "version": "1"
      },
      {
        "key": "TWILIO_API_SECRET",
        "secret": "TWILIO_API_SECRET",
        "projectId": "twilio-messaging-8183c",
        "version": "1"
      },
      {
        "key": "TWILIO_APP_SID",
        "secret": "TWILIO_APP_SID",
        "projectId": "twilio-messaging-8183c",
        "version": "1"
      },
      {
        "key": "TWILIO_PHONE",
        "secret": "TWILIO_PHONE",
        "projectId": "twilio-messaging-8183c",
        "version": "1"
      },
      {
        "key": "AIRTABLE_TOKEN",
        "secret": "AIRTABLE_TOKEN",
        "projectId": "twilio-messaging-8183c",
        "version": "1"
      },
      {
        "key": "AIRTABLE_BASE_ID",
        "secret": "AIRTABLE_BASE_ID",
        "projectId": "twilio-messaging-8183c",
        "version": "1"
      },
      {
        "key": "AIRTABLE_TABLE_ID",
        "secret": "AIRTABLE_TABLE_ID",
        "projectId": "twilio-messaging-8183c",
        "version": "1"
      },
      {
        "key": "TWILIO_CONVERSATIONS_SERVICE_SID",
        "secret": "TWILIO_CONVERSATIONS_SERVICE_SID",
        "projectId": "twilio-messaging-8183c",
        "version": "1"
      },
      {
        "key": "TWILIO_IDENTITY",
        "secret": "TWILIO_IDENTITY",
        "projectId": "twilio-messaging-8183c",
        "version": "1"
      }
    ],
    "serviceAccount": null,
    "ingressSettings": null,
    "availableMemoryMb": null,
    "timeoutSeconds": null,
    "maxInstances": 10,
    "minInstances": null,
    "concurrency": 80,
    "vpc": null,
    "environmentVariables": {
      "FIREBASE_CONFIG": "{\"projectId\":\"twilio-messaging-8183c\",\"storageBucket\":\"twilio-messaging-8183c.firebasestorage.app\"}",
      "GCLOUD_PROJECT": "twilio-messaging-8183c",
      "EVENTARC_CLOUD_EVENT_SOURCE": "projects/twilio-messaging-8183c/locations/us-central1/services/api",
      "FUNCTION_TARGET": "api",
      "LOG_EXECUTION_ID": "true"
    },
    "codebase": "default",
    "runServiceId": "api",
    "cpu": 1,
    "securityLevel": "SECURE_ALWAYS",
    "targetedByOnly": false,
    "hash": "1da30e41dbfc1be126e8e0319887131a15a212db"
  },
  "op": "update",
  "original": {
    "name": "FirebaseError",
    "children": [],
    "exit": 1,
    "message": "Build failed with status: FAILURE and message: npm error code EUSAGE\nnpm error\nnpm error `npm ci` can only install packages when your package.json and package-lock.json or npm-shrinkwrap.json are in sync. Please update your lock file with `npm install` before continuing.\nnpm error\nnpm error Missing: @pkgjs/parseargs@0.11.0 from lock file\nnpm error Missing: fsevents@2.3.3 from lock file\nnpm error Missing: @unrs/resolver-binding-android-arm-eabi@1.11.1 from lock file\nnpm error Missing: @unrs/resolver-binding-android-arm64@1.11.1 from lock file\nnpm error Missing: @unrs/resolver-binding-darwin-arm64@1.11.1 from lock file\nnpm error Missing: @unrs/resolver-binding-darwin-x64@1.11.1 from lock file\nnpm error Missing: @unrs/resolver-binding-freebsd-x64@1.11.1 from lock file\nnpm error Missing: @unrs/resolver-binding-linux-arm-gnueabihf@1.11.1 from lock file\nnpm error Missing: @unrs/resolver-binding-linux-arm-musleabihf@1.11.1 from lock file\nnpm error Missing: @unrs/resolver-binding-linux-arm64-gnu@1.11.1 from lock file\nnpm error Missing: @unrs/resolver-binding-linux-arm64-musl@1.11.1 from lock file\nnpm error Missing: @unrs/resolver-binding-linux-ppc64-gnu@1.11.1 from lock file\nnpm error Missing: @unrs/resolver-binding-linux-riscv64-gnu@1.11.1 from lock file\nnpm error Missing: @unrs/resolver-binding-linux-riscv64-musl@1.11.1 from lock file\nnpm error Missing: @unrs/resolver-binding-linux-s390x-gnu@1.11.1 from lock file\nnpm error Missing: @unrs/resolver-binding-linux-x64-gnu@1.11.1 from lock file\nnpm error Missing: @unrs/resolver-binding-linux-x64-musl@1.11.1 from lock file\nnpm error Missing: @unrs/resolver-binding-wasm32-wasi@1.11.1 from lock file\nnpm error Missing: @unrs/resolver-binding-win32-arm64-msvc@1.11.1 from lock file\nnpm error Missing: @unrs/resolver-binding-win32-ia32-msvc@1.11.1 from lock file\nnpm error Missing: @unrs/resolver-binding-win32-x64-msvc@1.11.1 from lock file\nnpm error Missing: @napi-rs/wasm-runtime@0.2.12 from lock file\nnpm error Missing: @emnapi/core@1.9.1 from lock file\nnpm error Missing: @emnapi/runtime@1.9.1 from lock file\nnpm error Missing: @tybys/wasm-util@0.10.1 from lock file\nnpm error Missing: @emnapi/wasi-threads@1.2.0 from lock file\nnpm error\nnpm error Clean install a project\nnpm error\nnpm error Usage:\nnpm error npm ci\nnpm error\nnpm error Options:\nnpm error [--install-strategy <hoisted|nested|shallow|linked>] [--legacy-bundling]\nnpm error [--global-style] [--omit <dev|optional|peer> [--omit <dev|optional|peer> ...]]\nnpm error [--include <prod|dev|optional|peer> [--include <prod|dev|optional|peer> ...]]\nnpm error [--strict-peer-deps] [--foreground-scripts] [--ignore-scripts] [--no-audit]\nnpm error [--no-bin-links] [--no-fund] [--dry-run]\nnpm error [-w|--workspace <workspace-name> [-w|--workspace <workspace-name> ...]]\nnpm error [--workspaces] [--include-workspace-root] [--install-links]\nnpm error\nnpm error aliases: clean-install, ic, install-clean, isntall-clean\nnpm error\nnpm error Run \"npm help ci\" for more info\nnpm error A complete log of this run can be found in: /www-data-home/.npm/_logs/2026-03-21T04_13_34_971Z-debug-0.log. For more details see the logs at https://console.cloud.google.com/cloud-build/builds;region=us-central1/8e8d5ae5-6f78-4e4d-a95c-4f4d209be95c?project=589640940481.",
    "original": {
      "code": 3,
      "message": "Build failed with status: FAILURE and message: npm error code EUSAGE\nnpm error\nnpm error `npm ci` can only install packages when your package.json and package-lock.json or npm-shrinkwrap.json are in sync. Please update your lock file with `npm install` before continuing.\nnpm error\nnpm error Missing: @pkgjs/parseargs@0.11.0 from lock file\nnpm error Missing: fsevents@2.3.3 from lock file\nnpm error Missing: @unrs/resolver-binding-android-arm-eabi@1.11.1 from lock file\nnpm error Missing: @unrs/resolver-binding-android-arm64@1.11.1 from lock file\nnpm error Missing: @unrs/resolver-binding-darwin-arm64@1.11.1 from lock file\nnpm error Missing: @unrs/resolver-binding-darwin-x64@1.11.1 from lock file\nnpm error Missing: @unrs/resolver-binding-freebsd-x64@1.11.1 from lock file\nnpm error Missing: @unrs/resolver-binding-linux-arm-gnueabihf@1.11.1 from lock file\nnpm error Missing: @unrs/resolver-binding-linux-arm-musleabihf@1.11.1 from lock file\nnpm error Missing: @unrs/resolver-binding-linux-arm64-gnu@1.11.1 from lock file\nnpm error Missing: @unrs/resolver-binding-linux-arm64-musl@1.11.1 from lock file\nnpm error Missing: @unrs/resolver-binding-linux-ppc64-gnu@1.11.1 from lock file\nnpm error Missing: @unrs/resolver-binding-linux-riscv64-gnu@1.11.1 from lock file\nnpm error Missing: @unrs/resolver-binding-linux-riscv64-musl@1.11.1 from lock file\nnpm error Missing: @unrs/resolver-binding-linux-s390x-gnu@1.11.1 from lock file\nnpm error Missing: @unrs/resolver-binding-linux-x64-gnu@1.11.1 from lock file\nnpm error Missing: @unrs/resolver-binding-linux-x64-musl@1.11.1 from lock file\nnpm error Missing: @unrs/resolver-binding-wasm32-wasi@1.11.1 from lock file\nnpm error Missing: @unrs/resolver-binding-win32-arm64-msvc@1.11.1 from lock file\nnpm error Missing: @unrs/resolver-binding-win32-ia32-msvc@1.11.1 from lock file\nnpm error Missing: @unrs/resolver-binding-win32-x64-msvc@1.11.1 from lock file\nnpm error Missing: @napi-rs/wasm-runtime@0.2.12 from lock file\nnpm error Missing: @emnapi/core@1.9.1 from lock file\nnpm error Missing: @emnapi/runtime@1.9.1 from lock file\nnpm error Missing: @tybys/wasm-util@0.10.1 from lock file\nnpm error Missing: @emnapi/wasi-threads@1.2.0 from lock file\nnpm error\nnpm error Clean install a project\nnpm error\nnpm error Usage:\nnpm error npm ci\nnpm error\nnpm error Options:\nnpm error [--install-strategy <hoisted|nested|shallow|linked>] [--legacy-bundling]\nnpm error [--global-style] [--omit <dev|optional|peer> [--omit <dev|optional|peer> ...]]\nnpm error [--include <prod|dev|optional|peer> [--include <prod|dev|optional|peer> ...]]\nnpm error [--strict-peer-deps] [--foreground-scripts] [--ignore-scripts] [--no-audit]\nnpm error [--no-bin-links] [--no-fund] [--dry-run]\nnpm error [-w|--workspace <workspace-name> [-w|--workspace <workspace-name> ...]]\nnpm error [--workspaces] [--include-workspace-root] [--install-links]\nnpm error\nnpm error aliases: clean-install, ic, install-clean, isntall-clean\nnpm error\nnpm error Run \"npm help ci\" for more info\nnpm error A complete log of this run can be found in: /www-data-home/.npm/_logs/2026-03-21T04_13_34_971Z-debug-0.log. For more details see the logs at https://console.cloud.google.com/cloud-build/builds;region=us-central1/8e8d5ae5-6f78-4e4d-a95c-4f4d209be95c?project=589640940481."
    },
    "status": 3,
    "code": 3
  }
}
[debug] [2026-03-21T04:14:09.427Z] Error: Failed to update function api in region us-central1
    at C:\Users\MarcoRipa\AppData\Roaming\npm\node_modules\firebase-tools\lib\deploy\functions\release\fabricator.js:441:19
    at process.processTicksAndRejections (node:internal/process/task_queues:105:5)
    at async Fabricator.updateV2Function (C:\Users\MarcoRipa\AppData\Roaming\npm\node_modules\firebase-tools\lib\deploy\functions\release\fabricator.js:425:32)
    at async Fabricator.updateEndpoint (C:\Users\MarcoRipa\AppData\Roaming\npm\node_modules\firebase-tools\lib\deploy\functions\release\fabricator.js:161:13)
    at async handle (C:\Users\MarcoRipa\AppData\Roaming\npm\node_modules\firebase-tools\lib\deploy\functions\release\fabricator.js:90:17)
[error] 
[error] Error: There was an error deploying functions
